filename,dataset_split,data_origin,expected_class,annotation_origin,box_count,audit_status,source_video,source_frame,timestamp_seconds,sha256
aug_0001_cup_v1_002_t002100.jpg,train,synthetic_augmentation,cup,xanylabeling_human_review,1,human_checked,cup_v1,,,6cba402617c764e19bc513d04c572f1ee7ab006a0e134c74693ccccb7459533f
aug_0002_cup_v1_003_t002767.jpg,train,synthetic_augmentation,cup,xanylabeling_human_review,1,human_checked,cup_v1,,,0aca5da1aa809986a9b3ce10e62164dfce4cd28d7b4ca6ae2fdbf44c1210c3c7
aug_0003_cup_v1_004_t004233.jpg,excluded,synthetic_augmentation,cup,xanylabeling_human_review,1,human_checked,cup_v1,,,0e1d4dc14abaf65755ab32b9356c21c464db083044d96efab9c4e4c2ff9bcc50
aug_0004_cup_v1_006_t006233.jpg,excluded,synthetic_augmentation,cup,xanylabeling_human_review,1,human_checked,cup_v1,,,8a94edbae952b628bb1577ddeab0f13d942b9704feca5481992034f5d9f97b36
aug_0005_cup_v1_007_t006633.jpg,excluded,synthetic_augmentation,cup,xanylabeling_human_review,1,human_checked,cup_v1,,,f5118436fe2e67f33c612cea968b2b8c808f606a85799a12b705a9981138bddf
aug_0006_cup_v1_008_t008500.jpg,excluded,synthetic_augmentation,cup,xanylabeling_human_review,1,human_checked,cup_v1,,,41c87c17caee6f51d2a3e6557a8c11c0cf40db5d87e564cf94f6537fd30a7ee7
aug_0007_cup_v1_009_t009033.jpg,excluded,synthetic_augmentation,cup,xanylabeling_human_review,1,human_checked,cup_v1,,,0b75c1df7be8913499d378c2214b70ef867f6cada08e8e29abbf3387d12ad900
aug_0008_cup_v1_010_t009833.jpg,train,synthetic_augmentation,cup,xanylabeling_human_review,1,human_checked,cup_v1,,,6750299c02566b933b68e02d98e13145b2ee3fb908968c68d25eeb464a2ccdee
aug_0009_cup_v1_011_t011167.jpg,excluded,synthetic_augmentation,cup,xanylabeling_human_review,1,human_checked,cup_v1,,,e9c456816728fba9575b0fa56f8fc158bf545600a816499c39c51fb5e03e33e2
aug_0010_cup_v1_012_t011833.jpg,train,synthetic_augmentation,cup,xanylabeling_human_review,1,human_checked,cup_v1,,,87e09139dd39f6b2a8ec4497bf5283248e7797199b33220cc5b9dee97b7b0cc7
aug_0011_cup_v1_013_t012767.jpg,train,synthetic_augmentation,cup,xanylabeling_human_review,1,human_checked,cup_v1,,,a512088e0b113514a61438e2030bbd72525222b00c2750e87000aca5d75c054e
aug_0012_cup_v1_014_t014367.jpg,excluded,synthetic_augmentation,cup,xanylabeling_human_review,1,human_checked,cup_v1,,,83acafa5cf8badb732f17a2fd4d7390fd93ced3ec23c694e65d86dac9f9ef5bb
aug_0013_cup_v1_015_t015300.jpg,excluded,synthetic_augmentation,cup,xanylabeling_human_review,1,human_checked,cup_v1,,,4dca0a1b89316feeb8c62551f83797cc8f77c58a38004aee1ed6af3f6d974f19
aug_0014_cup_v1_016_t015700.jpg,excluded,synthetic_augmentation,cup,xanylabeling_human_review,1,human_checked,cup_v1,,,070f7bfa9ad0f29ea41a99c3476c1293926bfe0109ca931cac74f823bb68c8b7
aug_0015_cup_v1_017_t016900.jpg,train,synthetic_augmentation,cup,xanylabeling_human_review,2,human_checked,cup_v1,,,4f70c4ae77859d6a0b6945ff3b722a065ad9c494ba4f18922324dc075c2ea6ce
aug_0016_cup_v1_020_t020100.jpg,train,synthetic_augmentation,cup,xanylabeling_human_review,2,human_checked,cup_v1,,,5a9b02914a8a6c96029898228af5b236bf3a7df11b3feb7da5848c4dc7f022e6
aug_0017_cup_v1_024_t024233.jpg,train,synthetic_augmentation,cup,xanylabeling_human_review,2,human_checked,cup_v1,,,c3b0931331d7ffc8ca71997869d0074df34179b69387740954c2ea3f31d4bdfe
aug_0018_cup_v1_025_t025300.jpg,train,synthetic_augmentation,cup,xanylabeling_human_review,2,human_checked,cup_v1,,,6d1a6bd780602839b79b3757a3ec89843b09f7e12fe6a305e48bd17ebd1f83d0
aug_0019_cup_v1_026_t026367.jpg,train,synthetic_augmentation,cup,xanylabeling_human_review,2,human_checked,cup_v1,,,ea1d9f888ccb32ae57e96d85d7236455e8750f5b76803593dd5609f6603c0b38
aug_0020_cup_v1_028_t027433.jpg,train,synthetic_augmentation,cup,xanylabeling_human_review,2,human_checked,cup_v1,,,1918ee0f34f7deaf0c79727815a11267e97812b54f94a822b13e8c56832208f7
aug_0021_cup_v1_030_t030233.jpg,train,synthetic_augmentation,cup,xanylabeling_human_review,2,human_checked,cup_v1,,,3b7538e1a597655153d0a08d4aa80b7d051c6ad71bf1e8fbaa7f9df96f8ff0fd
aug_0022_cup_v1_031_t030767.jpg,train,synthetic_augmentation,cup,xanylabeling_human_review,2,human_checked,cup_v1,,,cfcfbd7a155b10c04031510e793b9775aadd60bcc507211486e212f859255371
aug_0023_cup_v1_032_t032233.jpg,train,synthetic_augmentation,cup,xanylabeling_human_review,2,human_checked,cup_v1,,,678493b2b7c10cac6f0f666b54aaa8456c595fd384671f0e4c77c568677fa85b
aug_0024_cup_v2_001_t000767.jpg,train,synthetic_augmentation,cup,xanylabeling_human_review,1,human_checked,cup_v2,,,68bcf57d9bf9381c2384b2ea036fed4e8866259fe538146d4a6eda0efee346dc
aug_0025_cup_v2_002_t002767.jpg,train,synthetic_augmentation,cup,xanylabeling_human_review,2,human_checked,cup_v2,,,2fde42bc0caae02bcc38560191fd7038d34358d8f6acf1c443eb430b32857859
aug_0026_cup_v2_003_t003700.jpg,train,synthetic_augmentation,cup,xanylabeling_human_review,2,human_checked,cup_v2,,,c8e47371fdf2f83794ff6f2596ad157e62a4481bcbb0d83822f01395a8d1db90
aug_0027_cup_v2_006_t007833.jpg,train,synthetic_augmentation,cup,xanylabeling_human_review,2,human_checked,cup_v2,,,f820508fbbc95d6d2e3e2af899ad719c7464980532337c0e930008b29621ffcf
aug_0028_cup_v2_007_t008767.jpg,train,synthetic_augmentation,cup,xanylabeling_human_review,2,human_checked,cup_v2,,,3b32d630ac1efe6c733c74b0f381f6637975ae84a00749f52972ad4f0ba1a9ae
aug_0029_cup_v2_008_t010367.jpg,train,synthetic_augmentation,cup,xanylabeling_human_review,2,human_checked,cup_v2,,,be97bbb51cd7a71a7b7a36379c77ad61c0688efa99a903e85c5b7ade49597f01
aug_0030_cup_v2_009_t011433.jpg,train,synthetic_augmentation,cup,xanylabeling_human_review,2,human_checked,cup_v2,,,8c39ae06fe5ade456d322c0312e88a3f17e702b5a135348efb998d9694d1d763
aug_0031_cup_v2_010_t011833.jpg,train,synthetic_augmentation,cup,xanylabeling_human_review,2,human_checked,cup_v2,,,426e6ccbf2f0073e317fde28992ab85650dada3f07d51f91ecd6cce7efd09c59
aug_0032_cup_v2_012_t015033.jpg,train,synthetic_augmentation,cup,xanylabeling_human_review,2,human_checked,cup_v2,,,6ec9a9eb39ba8a7c837ed97848ca8777bb648af1a1c129d23330533964356184
aug_0033_cup_v2_013_t015967.jpg,train,synthetic_augmentation,cup,xanylabeling_human_review,2,human_checked,cup_v2,,,f24f9472d45edb7c5f62fd429510eae8a5127f7add3d1c4f96d4288f224cd994
aug_0034_cup_v2_015_t018233.jpg,train,synthetic_augmentation,cup,xanylabeling_human_review,2,human_checked,cup_v2,,,cdcbe3de19ae40dbd4e46e05f502763902771cc727fede582997cc9be03ab07b
aug_0035_cup_v2_016_t020100.jpg,train,synthetic_augmentation,cup,xanylabeling_human_review,2,human_checked,cup_v2,,,0c1801b9020951fcfcd848784896b9ab90b0ced7516c7facac8c0adadf1b4141
aug_0036_cup_v2_018_t021700.jpg,train,synthetic_augmentation,cup,xanylabeling_human_review,2,human_checked,cup_v2,,,097aece7e6b0a04a6ef0cd1a3fd42cd17445624f8bdb52f61eacdfc39133fd97
aug_0037_cup_v2_020_t024233.jpg,excluded,synthetic_augmentation,cup,xanylabeling_human_review,1,human_checked,cup_v2,,,1908dd3f8e8abd075af3c84cd27a954d9ac3dee8d812089953bffbd208ae49da
aug_0038_cup_v2_021_t025567.jpg,train,synthetic_augmentation,cup,xanylabeling_human_review,1,human_checked,cup_v2,,,482a3c459e21389757158e3152421b2d7f21a386ebe83d5c1be97f3530e323a0
aug_0039_cup_v2_023_t027833.jpg,train,synthetic_augmentation,cup,xanylabeling_human_review,1,human_checked,cup_v2,,,38dc048eefcab5ad6786b01d86050461da1b046dd85a8e506714ee77cc9c9530
aug_0040_cup_v2_027_t033033.jpg,train,synthetic_augmentation,cup,xanylabeling_human_review,1,human_checked,cup_v2,,,838fa2b3353c673c3f02df0f6c6dba2fdb6603e8b1a3e56f17da782b24566a17
aug_0041_cup_v2_028_t034633.jpg,train,synthetic_augmentation,cup,xanylabeling_human_review,1,human_checked,cup_v2,,,f636219fd1727b968adb8ae12875a1eb901aee6e6e2602af46d63a9ff28b099f
aug_0042_cup_v2_029_t035700.jpg,train,synthetic_augmentation,cup,xanylabeling_human_review,2,human_checked,cup_v2,,,76fe1c76cc758c9265b15040715909f9600561153a91a5401a801ede8add18a0
aug_0043_cup_v2_030_t037567.jpg,train,synthetic_augmentation,cup,xanylabeling_human_review,1,human_checked,cup_v2,,,b8124cb0df65e7fe86593a5f5debddb0f750b5a5b18c7ddd7641f699f45274c7
aug_0044_cup_v2_031_t037967.jpg,train,synthetic_augmentation,cup,xanylabeling_human_review,1,human_checked,cup_v2,,,822ef8b51bc3df38d49bd3b4fe226e39946cf1781e85fd4a15d19ff2c6e1b196
aug_0045_cup_v2_032_t039033.jpg,train,synthetic_augmentation,cup,xanylabeling_human_review,1,human_checked,cup_v2,,,2b2b15f0a93c3426861b39ebd04ab31a81efb4c4f03812af7c9a372a6688e40b
aug_0046_cup_v3_003_t004100.jpg,excluded,synthetic_augmentation,cup,xanylabeling_human_review,2,human_checked,cup_v3,,,3ce3ba55923aab1904c889386c2573616557b67fc9f4376aa0f933333df18ede
aug_0047_cup_v3_007_t009033.jpg,excluded,synthetic_augmentation,cup,xanylabeling_human_review,2,human_checked,cup_v3,,,27dfb70c395f1323b546b5fd61d50028cb69c6b1fde97f0ea71d068dae9b07a4
aug_0048_cup_v3_009_t010633.jpg,excluded,synthetic_augmentation,cup,xanylabeling_human_review,2,human_checked,cup_v3,,,431dfdc1b9439b1f1827b062bd33161ed1fa33d7cdeb84aef0fc6a6428b2fd66
aug_0049_cup_v3_010_t011967.jpg,excluded,synthetic_augmentation,cup,xanylabeling_human_review,2,human_checked,cup_v3,,,58f8cbf313f97a96d23ad01415a2abfbf59058923614bd4d6489f7a3dd6f263f
aug_0050_cup_v3_011_t013300.jpg,excluded,synthetic_augmentation,cup,xanylabeling_human_review,2,human_checked,cup_v3,,,788f789a389cd8612b912c0c9b979722d81afd2eb69aad4d66756a2f16c2df17
aug_0051_cup_v3_012_t015033.jpg,excluded,synthetic_augmentation,cup,xanylabeling_human_review,2,human_checked,cup_v3,,,fa3fc167d994b10a09d05092296a84f45a20a56f5011cf333990fb48b723cac3
aug_0052_cup_v3_013_t015567.jpg,excluded,synthetic_augmentation,cup,xanylabeling_human_review,2,human_checked,cup_v3,,,7adb99a7836002d956f1c97ec2f307029e6f8fee1cb494bd547d92d317d5d544
aug_0053_cup_v3_014_t016900.jpg,excluded,synthetic_augmentation,cup,xanylabeling_human_review,2,human_checked,cup_v3,,,9a1a65ad7822eb11c052a92358edf94e54c3632b6306c52dbae54a87fb062f4b
aug_0054_cup_v3_015_t019167.jpg,excluded,synthetic_augmentation,cup,xanylabeling_human_review,2,human_checked,cup_v3,,,88bfab9b38be25e0d07c996eec48f00694aeb30f1397ffd0a486070d0040d336
aug_0055_cup_v3_016_t020100.jpg,excluded,synthetic_augmentation,cup,xanylabeling_human_review,2,human_checked,cup_v3,,,01f7968e700c1bff4c67874710c7acd20daf7cd26be285b04005f35719ec1982
aug_0056_cup_v3_018_t022100.jpg,excluded,synthetic_augmentation,cup,xanylabeling_human_review,2,human_checked,cup_v3,,,910623cb070ef58832113a3435d8ec6aa93d671eb03be2b96aee8c00ad93f842
aug_0057_cup_v3_020_t025433.jpg,excluded,synthetic_augmentation,cup,xanylabeling_human_review,2,human_checked,cup_v3,,,2e019762aaf8e90eeb2fa8664e2b3b032460254326d5873bcd6760e9697bc615
aug_0058_cup_v3_022_t027833.jpg,excluded,synthetic_augmentation,cup,xanylabeling_human_review,2,human_checked,cup_v3,,,7e00e469c64a77ffcfe126eee44fafa51160fe93019e65d48dd58952874e08d2
aug_0059_cup_v3_023_t028767.jpg,excluded,synthetic_augmentation,cup,xanylabeling_human_review,1,human_checked,cup_v3,,,55a2f8eef455927f64be1548303b0be27cfe7344e21fb6a1247f0ae92222376e
aug_0060_cup_v3_024_t029300.jpg,excluded,synthetic_augmentation,cup,xanylabeling_human_review,1,human_checked,cup_v3,,,6575b175d0f5fc4261043334d194e205e7576b2724fbfe53a0b28942e2c9c4ad
aug_0061_cup_v3_025_t030633.jpg,excluded,synthetic_augmentation,cup,xanylabeling_human_review,2,human_checked,cup_v3,,,957e8ddc2cda9308e2165731e5726669ea3b7cf81098ca0e55414e9a888f0d7a
aug_0062_cup_v3_026_t031967.jpg,excluded,synthetic_augmentation,cup,xanylabeling_human_review,3,human_checked,cup_v3,,,369416011c9064f15d5f565b7ed89fb5d259dc140d6497a051e61950236f3785
aug_0063_cup_v3_027_t033300.jpg,excluded,synthetic_augmentation,cup,xanylabeling_human_review,1,human_checked,cup_v3,,,cd5e400bcafb452982612e6e46b96317889302e43203da1f9dbe6d9ea89f0560
aug_0064_cup_v3_028_t035433.jpg,excluded,synthetic_augmentation,cup,xanylabeling_human_review,2,human_checked,cup_v3,,,7f79e4d78448678af8e544d8590b4d16e1705554b24f124aad25d10d0ec74aed
aug_0065_cup_v3_029_t036367.jpg,excluded,synthetic_augmentation,cup,xanylabeling_human_review,3,human_checked,cup_v3,,,6d92547e63ebdc7e3bccf152ac8985e36485c05d880cc8ad87fbde1c5e823603
aug_0066_cup_v3_030_t037700.jpg,excluded,synthetic_augmentation,cup,xanylabeling_human_review,1,human_checked,cup_v3,,,58047f0e7c305faa7951de5013c7b6aed2c5e7732fbc47a8ebabec56a4d4d7fa
aug_0067_cup_v3_032_t039567.jpg,excluded,synthetic_augmentation,cup,xanylabeling_human_review,2,human_checked,cup_v3,,,282ad206aca0d47a62b7ac4f9e07dea7f50396c2b0f5e141487d57e786aa4bcf
aug_0068_cup_video01_0000.jpg,excluded,synthetic_augmentation,cup,xanylabeling_human_review,2,human_checked,cup_video01,,,d113afb25e423fca478ca9300548c01617ebe06ace178ca15731f5cb4713f03d
aug_0069_cup_video01_0001.jpg,excluded,synthetic_augmentation,cup,xanylabeling_human_review,2,human_checked,cup_video01,,,5487bb627a662849e1fee508e20aab6902755d711b1662a8b27653511c9919d4
aug_0070_cup_video01_0002.jpg,excluded,synthetic_augmentation,cup,xanylabeling_human_review,3,human_checked,cup_video01,,,d207fc5c8075c2805cd2ad58e9abebe2bb990bf65cf75b1055ede2ca01c82cd1
aug_0071_cup_video01_0003.jpg,excluded,synthetic_augmentation,mouse,xanylabeling_human_review,1,human_checked,cup_video01,,,454e17b0933c98a71487e9f85ddf83cfff228acb4154384a86f8c4285126c0bf
aug_0072_cup_video01_0004.jpg,excluded,synthetic_augmentation,cup,xanylabeling_human_review,2,human_checked,cup_video01,,,f082b9aaae8a5377e1469c0e596c055e6319f9928095b184e86804b953a00697
aug_0073_cup_video01_0008.jpg,excluded,synthetic_augmentation,cup,xanylabeling_human_review,1,human_checked,cup_video01,,,75b8215db124a6c2e63c15f3bec4ed88510c6eee4149a82f630de800976014dc
aug_0074_cup_video01_0009.jpg,excluded,synthetic_augmentation,cup,xanylabeling_human_review,1,human_checked,cup_video01,,,5bef01b51de30372160ade190472eea759f23ee30aadb3678c163f5e16c99fd6
aug_0075_cup_video01_0010.jpg,excluded,synthetic_augmentation,cup,xanylabeling_human_review,1,human_checked,cup_video01,,,f979fe9926f0e8126741ffbca7530bf649e1a19c0ed2a2727319342bd30a750a
aug_0076_cup_video01_0011.jpg,excluded,synthetic_augmentation,cup,xanylabeling_human_review,1,human_checked,cup_video01,,,54c7aadcf4beafe2b18b2a70fafc1a75be0c86ebfe46aa1cc82ee377a8403401
aug_0077_cup_video01_0012.jpg,excluded,synthetic_augmentation,cup,xanylabeling_human_review,1,human_checked,cup_video01,,,1e0733c8458c39c63a03696774c6522b11a629a7c4ef090b47db337db9a1aa96
aug_0078_cup_video01_0013.jpg,excluded,synthetic_augmentation,cup,xanylabeling_human_review,1,human_checked,cup_video01,,,3cb29f653ca88782d2850805c6bc2b809be1139bd6d300d29976bbd57ca7fa1c
aug_0079_cup_video01_0014.jpg,excluded,synthetic_augmentation,cup,xanylabeling_human_review,1,human_checked,cup_video01,,,12977779fe6162fa5402c079a4e85f64352c659e8e0fc2f8e64c23250638905d
aug_0080_cup_video01_0021.jpg,excluded,synthetic_augmentation,cup,xanylabeling_human_review,2,human_checked,cup_video01,,,ac2b45fb037f1a9f4dec9a2af42078ca0c14a89cc62cc252aaf88c2a180f6bbf
aug_0081_cup_video01_0024.jpg,excluded,synthetic_augmentation,cup,xanylabeling_human_review,2,human_checked,cup_video01,,,d13b1970d6eb8dd28da7c375b9a6c60c65340b58b5ab9cf1fa253556b490345c
aug_0082_cup_video01_0025.jpg,excluded,synthetic_augmentation,cup,xanylabeling_human_review,1,human_checked,cup_video01,,,f54d92d0f59aa001d859443bbfff3b88ebc2c9d8d1dea2b3297f9fee04196014
aug_0083_cup_video01_0026.jpg,excluded,synthetic_augmentation,cup,xanylabeling_human_review,2,human_checked,cup_video01,,,5977a7f78272be8f622a51131dda10025cd87180beb67ad5c7acad523de15a22
aug_0084_cup_video01_0027.jpg,excluded,synthetic_augmentation,cup,xanylabeling_human_review,1,human_checked,cup_video01,,,5f65a3b527adba926b12b98728b8d85136795eeba364e5d7a635d5c24a02b257
aug_0085_cup_video01_0028.jpg,excluded,synthetic_augmentation,cup,xanylabeling_human_review,2,human_checked,cup_video01,,,d69d0952f4aba5dadf69153427ff6ea422e1433d89e35d10d10e49bb46329025
aug_0086_cup_video01_0029.jpg,excluded,synthetic_augmentation,cup,xanylabeling_human_review,2,human_checked,cup_video01,,,cdae62e2107020eaee451a43a22f8f6e2bd508c5099c10003db30a4a407e1a5c
aug_0087_cup_video01_0031.jpg,excluded,synthetic_augmentation,cup,xanylabeling_human_review,2,human_checked,cup_video01,,,d5a919987c385826183dd98b669efedb6139df18d625e4b78dd1efa1225a237b
aug_0088_cup_video01_0032.jpg,excluded,synthetic_augmentation,cup,xanylabeling_human_review,1,human_checked,cup_video01,,,d81fd635c8d4b94cc5469493d387fb8dacf6c9b07d6488c02495104f6fd60613
aug_0089_cup_video01_0033.jpg,excluded,synthetic_augmentation,cup,xanylabeling_human_review,1,human_checked,cup_video01,,,0796488a04cd1704cebbc818404df1829e42cdc8263969cee97f66d947aecfca
aug_0090_cup_video01_0036.jpg,excluded,synthetic_augmentation,cup,xanylabeling_human_review,1,human_checked,cup_video01,,,65672b8a51ab03ada255ba08a7be66fcf5147122adf9574ff4fb875c35fd4d1f
aug_0091_cup_video01_0037.jpg,excluded,synthetic_augmentation,cup,xanylabeling_human_review,1,human_checked,cup_video01,,,0fd71050148d250ce9ae53ad202b8d271c645a07e6d991c6a4e196ceb995e9ef
aug_0092_cup_video01_0038.jpg,excluded,synthetic_augmentation,cup,xanylabeling_human_review,1,human_checked,cup_video01,,,ab69fd9ea3286d0858cb49b381da7e865fcb4a22af32b4dac9a3c3fdb73f4f4a
aug_0093_cup_video01_0041.jpg,excluded,synthetic_augmentation,cup,xanylabeling_human_review,1,human_checked,cup_video01,,,e41de8618612b34d0daa25d6a50c171e2a4fc4b601ffc37dce8ef6876f92818f
aug_0094_cup_video01_0043.jpg,excluded,synthetic_augmentation,cup,xanylabeling_human_review,1,human_checked,cup_video01,,,0e29b546f6c70a644536d1e476bdb72552363b68633ad3db73832f37802781d5
aug_0095_cup_video01_0044.jpg,excluded,synthetic_augmentation,cup,xanylabeling_human_review,1,human_checked,cup_video01,,,26d2d1b2326e4792a92003db701af88db8e17949c06060a6ba639e647f33723c
aug_0096_cup_video01_0045.jpg,excluded,synthetic_augmentation,cup,xanylabeling_human_review,1,human_checked,cup_video01,,,175dd24add0ff78f6524a1f99a35ced10acbd2cfad791623ce982ddf71cd0ebf
aug_0097_cup_video01_0046.jpg,excluded,synthetic_augmentation,cup,xanylabeling_human_review,1,human_checked,cup_video01,,,63e0338cf3fd284108f444c1f17dede507d62ae50ab20a6efff91f129723a710
aug_0098_cup_video01_0047.jpg,excluded,synthetic_augmentation,cup,xanylabeling_human_review,1,human_checked,cup_video01,,,2d95f65ebe07426c1ee759d8e3c1e746f0c7405694c0095863442fa7142be8ef
aug_0099_cup_video01_0051.jpg,excluded,synthetic_augmentation,cup,xanylabeling_human_review,1,human_checked,cup_video01,,,602c4f17b2d99621869a25be475a2b98b85b3bdc609a74a6baea3e7a119b3d6e
aug_0100_cup_video01_0052.jpg,excluded,synthetic_augmentation,cup,xanylabeling_human_review,1,human_checked,cup_video01,,,9b8ae55399ff99aab261932709439f3125ad7c198ceac6b8cb1132f990cd055f
aug_0101_cup_video01_0053.jpg,excluded,synthetic_augmentation,cup,xanylabeling_human_review,1,human_checked,cup_video01,,,f2fe64412580375319f30f69a14fb79cc4ce4cc9d2d58bca5a443540db84babc
aug_0102_cup_video01_0054.jpg,excluded,synthetic_augmentation,cup,xanylabeling_human_review,1,human_checked,cup_video01,,,4742b2fb58e690cb2b2ca0e4bf5a7e849ffcb075ba7fff4bdeef20474cf89cbc
aug_0103_cup_video01_0055.jpg,excluded,synthetic_augmentation,cup,xanylabeling_human_review,1,human_checked,cup_video01,,,d2347af07d36274ba2378620b705e3358f6ffc41a14ec80b83fc8198aac84065
aug_0104_cup_video01_0056.jpg,excluded,synthetic_augmentation,cup,xanylabeling_human_review,1,human_checked,cup_video01,,,538e5a8957cc707de21a682a3416c69816515cc17b081b9f7d2a290399bb1acc
aug_0105_cup_video01_0057.jpg,excluded,synthetic_augmentation,cup,xanylabeling_human_review,1,human_checked,cup_video01,,,998afe10e54824ce021f037ce9fc8e16753d38342c8d0cf9e3134ef1698b44bf
aug_0106_cup_video01_0058.jpg,excluded,synthetic_augmentation,cup,xanylabeling_human_review,1,human_checked,cup_video01,,,a0066b1ab22ed4eb6c5026ac9fdbc3980bb3b95b16b92e6afe7343ea7aba55a5
aug_0107_cup_video01_0059.jpg,excluded,synthetic_augmentation,cup,xanylabeling_human_review,1,human_checked,cup_video01,,,fe985961c97b01a1a0a2a9294c6d60fc1abd1fc694361e7d71e6229641eb656f
aug_0108_cup_video01_0060.jpg,excluded,synthetic_augmentation,cup,xanylabeling_human_review,1,human_checked,cup_video01,,,8d6761e10927764c7861b8b7a92774897df9e7378e2b1eba892ef09782698275
aug_0109_cup_video01_0062.jpg,excluded,synthetic_augmentation,cup,xanylabeling_human_review,1,human_checked,cup_video01,,,6644ed400999d8697a890252a0af8349ebe8eb63410b26a2ae3c1d76463aa56b
aug_0110_cup_video01_0063.jpg,excluded,synthetic_augmentation,cup,xanylabeling_human_review,1,human_checked,cup_video01,,,d20073cd2967ccbdbe393c182135936d946a69bcacaba9e27239a4ff7b0bce5d
aug_0111_cup_video01_0064.jpg,excluded,synthetic_augmentation,cup,xanylabeling_human_review,1,human_checked,cup_video01,,,1e64240fd443597d656690cc25247ee2c8282feb0811e0c26577fa0cd2a97b46
aug_0112_cup_video01_0065.jpg,excluded,synthetic_augmentation,cup,xanylabeling_human_review,1,human_checked,cup_video01,,,801d2e37ba743d0e0d38266fb5242072cf3525a7a64328ce069cc9ffe953cb20
aug_0113_cup_video01_0066.jpg,excluded,synthetic_augmentation,cup,xanylabeling_human_review,1,human_checked,cup_video01,,,4cd533a9826d1ff228f278f13799b253d49630841d1657ad50e05ee635675ab9
aug_0114_cup_video01_0067.jpg,excluded,synthetic_augmentation,cup,xanylabeling_human_review,1,human_checked,cup_video01,,,239842912d68f157c579f4626ea02958d56512a47f9a161095ca636591b80ed2
aug_0115_cup_video01_0068.jpg,excluded,synthetic_augmentation,cup,xanylabeling_human_review,1,human_checked,cup_video01,,,348a4c9505a2266dcb8fd430a4775947527cce15eda9bfe68156401a1ba2e72f
aug_0116_cup_video01_0069.jpg,excluded,synthetic_augmentation,cup,xanylabeling_human_review,1,human_checked,cup_video01,,,5b64c2f5a524949997f480e8cd05d27d22babf07ff33208fe8fbe6f47207d796
aug_0117_cup_video01_0070.jpg,excluded,synthetic_augmentation,cup,xanylabeling_human_review,1,human_checked,cup_video01,,,295db19b1dbf8d8b8b32ea60e785d46809cc5fcba537f6b60a0a6b62b11ce774
aug_0118_cup_video01_0071.jpg,excluded,synthetic_augmentation,cup,xanylabeling_human_review,1,human_checked,cup_video01,,,924ae0098fd90cf58440432fe870356f7a7f885f29072476c2aea2a8617ddeb0
aug_0119_cup_video01_0072.jpg,excluded,synthetic_augmentation,cup,xanylabeling_human_review,1,human_checked,cup_video01,,,52fd10f7e2bcf96be8528ee0f6df0e06cc2f01c29fb0197f4b18f96f5b6e2907
aug_0120_cup_video01_0073.jpg,excluded,synthetic_augmentation,cup,xanylabeling_human_review,1,human_checked,cup_video01,,,4f41b7b61547d22377ca69540355268717be0a1226b06535d81730e21d072f0c
aug_0121_cup_video01_0074.jpg,excluded,synthetic_augmentation,cup,xanylabeling_human_review,1,human_checked,cup_video01,,,35f7135b00670e5564bdc2655cbe400040f37539ed27bd5302609c48ab5dcfe4
aug_0122_cup_video01_0075.jpg,excluded,synthetic_augmentation,cup,xanylabeling_human_review,2,human_checked,cup_video01,,,376656453810101a8dcbd26b009dc4b91c2b4e877e48af12e41a3f34f29d3691
aug_0123_cup_video01_0076.jpg,excluded,synthetic_augmentation,cup,xanylabeling_human_review,2,human_checked,cup_video01,,,0b0445799868b1bb5e7204d98d655e01cf61a1c8a5ff9e734d011edb62ff265f
aug_0124_cup_video01_0077.jpg,excluded,synthetic_augmentation,cup,xanylabeling_human_review,1,human_checked,cup_video01,,,b1e63cba68e5f02d8a100264150d9870cf1b53806485c1e0da5bafc2eb6c991f
aug_0125_cup_video01_0078.jpg,excluded,synthetic_augmentation,cup,xanylabeling_human_review,2,human_checked,cup_video01,,,f94d8c8a8cac1dc990f337220d96b3f73027920c66fbee3f06df1bdc56f3a3f4
aug_0126_cup_video01_0081.jpg,excluded,synthetic_augmentation,cup,xanylabeling_human_review,2,human_checked,cup_video01,,,1dc72ca657081bcc8485d8465e0fd2278839d25ebd54f2b933a8702d647ca3a8
aug_0127_cup_video01_0082.jpg,excluded,synthetic_augmentation,cup,xanylabeling_human_review,2,human_checked,cup_video01,,,7896e6640b6ba9f8442a85316a98b64d5682d6b0e7163982759447b6e4e82087
aug_0128_cup_video01_0083.jpg,excluded,synthetic_augmentation,cup,xanylabeling_human_review,2,human_checked,cup_video01,,,4085b700632b2132705ba1d8b2c5fbce545385eaeb5b0642a5616869132e7720
aug_0129_cup_video01_0084.jpg,excluded,synthetic_augmentation,cup,xanylabeling_human_review,2,human_checked,cup_video01,,,823add694eb82f87a7272d41998912775f8f55a8b4576bc8579c2b6f61c947b3
aug_0130_cup_video01_0085.jpg,excluded,synthetic_augmentation,cup,xanylabeling_human_review,2,human_checked,cup_video01,,,2ccd6baa92a8bf6102e6e1b14253d0f12592aee1b9b550747b0b2155ebf77f66
aug_0131_cup_video01_0086.jpg,excluded,synthetic_augmentation,cup,xanylabeling_human_review,2,human_checked,cup_video01,,,07414bf45ec04ecb79d7effdd314e590b654b5bc56f59e9621b4fbd6ca40ad88
aug_0132_cup_video01_0087.jpg,excluded,synthetic_augmentation,cup,xanylabeling_human_review,2,human_checked,cup_video01,,,5f888bf1e2bbc91244046ec8a131aaa2c4486f8c91257e2b0de2a27d4137f87d
aug_0133_cup_video01_0088.jpg,excluded,synthetic_augmentation,cup,xanylabeling_human_review,2,human_checked,cup_video01,,,ef9499fe82c98f690e939650471e50b94a3b250b23d3c51838075dde8fec0e43
aug_0134_cup_video01_0089.jpg,excluded,synthetic_augmentation,cup,xanylabeling_human_review,2,human_checked,cup_video01,,,1331f24dd98e22938b90af482ce09818f0d6f2d08a8179572fe9b74efad67f3b
aug_0135_cup_video01_0090.jpg,excluded,synthetic_augmentation,cup,xanylabeling_human_review,2,human_checked,cup_video01,,,bc18a67313797e90caa706076be95095319f81f9e5cbea92466db4fcc60d2def
aug_0136_cup_video01_0091.jpg,excluded,synthetic_augmentation,cup,xanylabeling_human_review,2,human_checked,cup_video01,,,13073bdc8e8e49b9a84ba0656abdcb4ee354f98b16a5519696bc5f8db3bb3df2
aug_0137_cup_video01_0092.jpg,excluded,synthetic_augmentation,cup,xanylabeling_human_review,1,human_checked,cup_video01,,,f81e5c53627b7bb7edce67f9b3b14f8fa5061c8d1f7a2a634ba701f1bd7406bc
aug_0138_cup_video01_0093.jpg,excluded,synthetic_augmentation,cup,xanylabeling_human_review,2,human_checked,cup_video01,,,9f881818bfa76e68596546912ea7478714c72073ab612c08b0a9035626d5725b
aug_0139_cup_video01_0094.jpg,excluded,synthetic_augmentation,cup,xanylabeling_human_review,2,human_checked,cup_video01,,,4c928cf139a72f15b876b5d45e5fffd109aa2ba72b3d2db63e932131fa394efa
aug_0140_cup_video01_0095.jpg,excluded,synthetic_augmentation,cup,xanylabeling_human_review,2,human_checked,cup_video01,,,2c132d9d8352b04100a5541a17c651945f3fb749c5152e85a126b04fb7e135cf
aug_0141_cup_video01_0096.jpg,excluded,synthetic_augmentation,cup,xanylabeling_human_review,2,human_checked,cup_video01,,,a6f5d5aca72ddc92fc782dfb5a57fe694771709644ae97c01f6a14ce4da9e105
aug_0142_cup_video01_0097.jpg,excluded,synthetic_augmentation,cup,xanylabeling_human_review,2,human_checked,cup_video01,,,3a428402fb33044140d67f03c24f0526df6c0811e9ef94e61d9df35c621d4a05
aug_0143_cup_video01_0098.jpg,excluded,synthetic_augmentation,cup,xanylabeling_human_review,1,human_checked,cup_video01,,,ce3a865958ab415c988908206ab27736bea27d4cf551c5c3e1785dc86c17d50e
aug_0144_cup_video01_0100.jpg,excluded,synthetic_augmentation,cup,xanylabeling_human_review,2,human_checked,cup_video01,,,59043b0e8f9b309882473844249da6eee0e609ef3f7a5982df762117b578c6f6
aug_0145_cup_video01_0101.jpg,excluded,synthetic_augmentation,cup,xanylabeling_human_review,2,human_checked,cup_video01,,,a2f2052820bab6b568793d4d7e8ce16d3a4c2f2a6d4ec6e726facaf39695bcc4
aug_0146_cup_video01_0102.jpg,excluded,synthetic_augmentation,cup,xanylabeling_human_review,2,human_checked,cup_video01,,,290f606df624b483b326ea224e4cc7ee3c37190d863d868a02bbff6c4052df35
aug_0147_cup_video01_0103.jpg,excluded,synthetic_augmentation,cup,xanylabeling_human_review,1,human_checked,cup_video01,,,a91ca9038b7a3efd56f7b3e6e3225f368ee98d5f70bdedb99edb2fa9bc88a2bd
aug_0148_cup_video01_0104.jpg,excluded,synthetic_augmentation,cup,xanylabeling_human_review,1,human_checked,cup_video01,,,b0f4125b71203dcf8ec7cc661ca8b258353cc760eca9559bc736e9b5708b0cd6
aug_0149_cup_video01_0105.jpg,excluded,synthetic_augmentation,cup,xanylabeling_human_review,2,human_checked,cup_video01,,,6bd556fddac80e06dbc6cff4dd4db389f7e8bb577b49a9701faca17323a36881
aug_0150_cup_video01_0106.jpg,excluded,synthetic_augmentation,cup,xanylabeling_human_review,2,human_checked,cup_video01,,,fff96f4f321df827563b913a2e340e8f3fee8b7042bba6fe0e9427b5ffd49cf6
aug_0151_cup_video01_0107.jpg,excluded,synthetic_augmentation,cup,xanylabeling_human_review,2,human_checked,cup_video01,,,c964f2e623379e27b386dba93917e29d76f9d15041e4b28dfb8f35eb684c3d65
aug_0152_cup_video01_0108.jpg,excluded,synthetic_augmentation,cup,xanylabeling_human_review,2,human_checked,cup_video01,,,fd5bce046fda844afe7dfbf0efa70edb70039b019efa37bbfae35cb86dc88fff
aug_0153_cup_video01_0109.jpg,excluded,synthetic_augmentation,cup,xanylabeling_human_review,1,human_checked,cup_video01,,,214d17f96d594d73e10d0daaff51ac8def53cdc2060853fc7893d0beae625df2
aug_0154_cup_video01_0111.jpg,excluded,synthetic_augmentation,cup,xanylabeling_human_review,2,human_checked,cup_video01,,,17de7e3cc53bcfe3bfa57ddfafcebcd3576530669e6b94fd027a11bd9654f7b9
aug_0155_cup_video01_0112.jpg,excluded,synthetic_augmentation,cup,xanylabeling_human_review,2,human_checked,cup_video01,,,9a310ff9dcb7a0dac73264687e3af3a344eb9a802a12da5102c0f71e9b90a0c4
aug_0156_cup_video01_0113.jpg,excluded,synthetic_augmentation,cup,xanylabeling_human_review,2,human_checked,cup_video01,,,857d66a7c8c1351bc32997d5b9e4c629b96f139d8993d4830e3ae791ee0e2cc5
aug_0157_cup_video01_0114.jpg,excluded,synthetic_augmentation,cup,xanylabeling_human_review,2,human_checked,cup_video01,,,d48bbdae9ecaa005333a1738ba24fc6fb96a5c14b83491689abc0b0d2de76197
aug_0158_cup_video01_0115.jpg,excluded,synthetic_augmentation,cup,xanylabeling_human_review,2,human_checked,cup_video01,,,18716ca3e9c0781dc7ad26010e91ef817311c72bc85b4a971c196ecad55d977a
aug_0159_cup_video01_0116.jpg,excluded,synthetic_augmentation,cup,xanylabeling_human_review,1,human_checked,cup_video01,,,5c2a58382a913d8a4db89032c35fd9d3c0c8fc603670eb2ab48cd3b843f10244
aug_0160_cup_video01_0117.jpg,excluded,synthetic_augmentation,cup,xanylabeling_human_review,1,human_checked,cup_video01,,,99ea348842f20c34e7e04353871d95fd4d6621e72c9249b40e0d4e9adc31f809
aug_0161_cup_video01_0118.jpg,excluded,synthetic_augmentation,cup,xanylabeling_human_review,1,human_checked,cup_video01,,,4df31b3333897d4241d56a383bf57047b4ea8bb0b88e60b6080abc1943fa6cfd
aug_0162_cup_video01_0119.jpg,excluded,synthetic_augmentation,cup,xanylabeling_human_review,2,human_checked,cup_video01,,,b7417c1bb05122714e7b8d3c489e578d45e83824e1e88d0c07f61f476d5e2943
aug_0163_mouse_v1_001_t000767.jpg,train,synthetic_augmentation,mouse,xanylabeling_human_review,1,human_checked,mouse_v1,,,aeabc3c6fb873d115b3a28000ffef832a7c81602a0f721696e8d8c64c8604a23
aug_0164_mouse_v1_003_t004100.jpg,train,synthetic_augmentation,mouse,xanylabeling_human_review,1,human_checked,mouse_v1,,,45eaab8a0b593d2956ce6bbfc4e122ac5a67816a6759c62d8dcdc03d240a5f03
aug_0165_mouse_v1_005_t005700.jpg,train,synthetic_augmentation,mouse,xanylabeling_human_review,1,human_checked,mouse_v1,,,404d41ccbcd46b98941d3edab96290e53347ccde7af952ae21235d13559414c2
aug_0166_mouse_v1_006_t007167.jpg,train,synthetic_augmentation,mouse,xanylabeling_human_review,1,human_checked,mouse_v1,,,612511106837002967a6fa793dc1e111a392ac24a89454ba129e8dcb5da52bfe
aug_0167_mouse_v1_007_t007967.jpg,train,synthetic_augmentation,mouse,xanylabeling_human_review,1,human_checked,mouse_v1,,,ac608b0c32b436d2d884a806f4bf96a58ed09ebc542dd18c918b7cfca6430758
aug_0168_mouse_v1_008_t009033.jpg,train,synthetic_augmentation,mouse,xanylabeling_human_review,1,human_checked,mouse_v1,,,3e5390caf8ddb6cc41db537a9c83fedb29fe1cbedc2c31d7a1e483e2e0dd596f
aug_0169_mouse_v1_009_t010633.jpg,train,synthetic_augmentation,mouse,xanylabeling_human_review,1,human_checked,mouse_v1,,,32dae5853b594f64cc59fd8f030035639938a53fadfeae446f00c91828f1e1cd
aug_0170_mouse_v1_010_t011300.jpg,train,synthetic_augmentation,mouse,xanylabeling_human_review,1,human_checked,mouse_v1,,,e7b3e3acc65c1f96f199f64c8c0bd614a209a6f2f9a20933434c7bb2ae7b21d1
aug_0171_mouse_v1_012_t013833.jpg,excluded,synthetic_augmentation,mouse,xanylabeling_human_review,1,human_checked,mouse_v1,,,777ee1d15d77cbac4a111e6b85e2f1b0544c132223be2a784365048f72401b5d
aug_0172_mouse_v1_014_t017167.jpg,excluded,synthetic_augmentation,mouse,xanylabeling_human_review,1,human_checked,mouse_v1,,,4eff89b762a4d994941d74cc05c672ffd5a997e51ab28803fd00f9579d2e6da4
aug_0173_mouse_v1_017_t020633.jpg,excluded,synthetic_augmentation,mouse,xanylabeling_human_review,1,human_checked,mouse_v1,,,7ac50ad1efa0374dd1703609563ac09c248006f64ace01e2463cb8be8e73b256
aug_0174_mouse_v1_018_t020900.jpg,train,synthetic_augmentation,mouse,xanylabeling_human_review,1,human_checked,mouse_v1,,,02fa18889f619aede3ea60ee638d18d83bb887ac00b1693a5ef20f1a4cf9854f
aug_0175_mouse_v1_019_t023167.jpg,train,synthetic_augmentation,mouse,xanylabeling_human_review,1,human_checked,mouse_v1,,,69278d9f9ff6e1ed95af8a85313965f0ab818f3c69b00356cd8480c4d5a1a88b
aug_0176_mouse_v1_020_t023967.jpg,train,synthetic_augmentation,mouse,xanylabeling_human_review,1,human_checked,mouse_v1,,,a18f0ccab142a04397736f4225940f2b441f31688ec903b9c60891e991869773
aug_0177_mouse_v1_021_t025300.jpg,train,synthetic_augmentation,mouse,xanylabeling_human_review,1,human_checked,mouse_v1,,,3d5d5212480a810aec1aa509243898f2b918aa343270da81086ddf3e421793b3
aug_0178_mouse_v1_023_t027033.jpg,train,synthetic_augmentation,mouse,xanylabeling_human_review,1,human_checked,mouse_v1,,,6e1977a0f1583f14d37b4f699509e04dbc2752a1fab0ca875160962600c28b97
aug_0179_mouse_v1_024_t028367.jpg,excluded,synthetic_augmentation,mouse,xanylabeling_human_review,1,human_checked,mouse_v1,,,c55d389afaac3bf21f29ff15c0402001913d0e2fdaa0e773ceedd152fed7094e
aug_0180_mouse_v1_026_t030500.jpg,train,synthetic_augmentation,mouse,xanylabeling_human_review,1,human_checked,mouse_v1,,,fcb956cadb83d5c838f2f05a3176f985dcae606f904a9d827ddada52245db98c
aug_0181_mouse_v1_027_t031967.jpg,excluded,synthetic_augmentation,mouse,xanylabeling_human_review,1,human_checked,mouse_v1,,,2fa7658b3ceb3ce21f45bc6523e270801367fc85345bb794aa45ce373975a753
aug_0182_mouse_v1_028_t033433.jpg,excluded,synthetic_augmentation,mouse,xanylabeling_human_review,1,human_checked,mouse_v1,,,57875ee106cb6e6ead50b656a053dfa437cb8d9f118a9425a8b4a9c3ddd6d591
aug_0183_mouse_v1_029_t034100.jpg,excluded,synthetic_augmentation,mouse,xanylabeling_human_review,1,human_checked,mouse_v1,,,7817eb7366cce05f68331d3b518e000d490c1ded28c69c80caffa7a02d3f3408
aug_0184_mouse_v1_031_t037033.jpg,train,synthetic_augmentation,mouse,xanylabeling_human_review,1,human_checked,mouse_v1,,,d43da545dd0bd5d0157a0078581d7a06b2ebad9cba69d5fa3ea448e8441e523c
aug_0185_mouse_v1_032_t038367.jpg,excluded,synthetic_augmentation,mouse,xanylabeling_human_review,1,human_checked,mouse_v1,,,ec3ca896f319a7e5f26b90b49a10dcad27168ce3918471f6f0e8c8b7828ee84a
aug_0186_mouse_v2_002_t001833.jpg,train,synthetic_augmentation,mouse,xanylabeling_human_review,1,human_checked,mouse_v2,,,6831d69668f39a4e218386e336925461914459afe47b8abf80acd27a26ff2b87
aug_0187_mouse_v2_004_t002767.jpg,train,synthetic_augmentation,mouse,xanylabeling_human_review,1,human_checked,mouse_v2,,,63dfb4a85d6a9e9fbf3622f69f216973e32390fbbe2ee453c54a261e0f3ed075
aug_0188_mouse_v2_007_t005033.jpg,train,synthetic_augmentation,mouse,xanylabeling_human_review,1,human_checked,mouse_v2,,,5431b6926b14b5bbdfb1c19af1b1c9357da3baa1e6308f77e737a2202ae0440c
aug_0189_mouse_v2_008_t006100.jpg,train,synthetic_augmentation,mouse,xanylabeling_human_review,1,human_checked,mouse_v2,,,14174375bf95418bcaf315832ba67dc8139d21f2c47eedda8ad70402c538d9e6
aug_0190_mouse_v2_010_t007833.jpg,train,synthetic_augmentation,mouse,xanylabeling_human_review,1,human_checked,mouse_v2,,,a754e438263512979ae6100eaf6e500723e9f7bdfc8e2169c2467c57fa27f364
aug_0191_mouse_v2_012_t008900.jpg,train,synthetic_augmentation,mouse,xanylabeling_human_review,1,human_checked,mouse_v2,,,ba1405dde31f903d9c653c8e199f486270f6df8d899c0ff968e462402ae3f827
aug_0192_mouse_v2_013_t009433.jpg,train,synthetic_augmentation,mouse,xanylabeling_human_review,1,human_checked,mouse_v2,,,f35c32aa0735578d945e5651dc0be51678abd4c9aa2e4eb8a62f8d416438c46c
aug_0193_mouse_v2_015_t011433.jpg,train,synthetic_augmentation,mouse,xanylabeling_human_review,1,human_checked,mouse_v2,,,799368b65b64b3f12aaf54fc8dde3b0e807f086944503fb4b7cf8d102220a57e
aug_0194_mouse_v2_016_t012233.jpg,train,synthetic_augmentation,mouse,xanylabeling_human_review,1,human_checked,mouse_v2,,,9d3e704b20d73eaf6dd5c62e416df71d9ee17f8047462adb60ef88931526cbaf
aug_0195_mouse_v2_017_t012767.jpg,train,synthetic_augmentation,mouse,xanylabeling_human_review,1,human_checked,mouse_v2,,,2f0171add086a9a1037ec49ccb29a67cd5bfec8fd88905d8ba612a1b41450dec
aug_0196_mouse_v2_018_t013300.jpg,train,synthetic_augmentation,mouse,xanylabeling_human_review,1,human_checked,mouse_v2,,,7cf05299eb57e044e0b0cc56e3e2a6abfbbf7c89dc37bf24c5f1965982945083
aug_0197_mouse_v2_019_t013833.jpg,train,synthetic_augmentation,mouse,xanylabeling_human_review,1,human_checked,mouse_v2,,,31ddd8e4f3869045532ed22e9989d46d189a2d2984913e6bd64b0ebcdedfc573
aug_0198_mouse_v2_020_t014633.jpg,train,synthetic_augmentation,mouse,xanylabeling_human_review,1,human_checked,mouse_v2,,,63c5e2ef181453b4251d8ba661c6f4f08565de246e1c0ff67bbef7ad792edb2d
aug_0199_mouse_v2_022_t016367.jpg,train,synthetic_augmentation,mouse,xanylabeling_human_review,1,human_checked,mouse_v2,,,a73166abcafffe53f4d1a5650884db7de7a5c33935d42b50c3cee0183b6e8f9e
aug_0200_mouse_v2_023_t016900.jpg,train,synthetic_augmentation,mouse,xanylabeling_human_review,1,human_checked,mouse_v2,,,b66a7f022f952e165b0ddaa42c06bf009dd47422ca1c372bfcb3977c44f93710
aug_0201_mouse_v2_024_t017833.jpg,train,synthetic_augmentation,mouse,xanylabeling_human_review,1,human_checked,mouse_v2,,,2955f2af5150c50263bfd0e5cc92264dd4b276eb82788d12b3de0d2a8a82aae5
aug_0202_mouse_v2_025_t018233.jpg,train,synthetic_augmentation,mouse,xanylabeling_human_review,1,human_checked,mouse_v2,,,999515f533e99d17bc5c28a00c57a077ee9c0f43dc75eccab463ae5e9d5f3d0c
aug_0203_mouse_v2_027_t019833.jpg,train,synthetic_augmentation,mouse,xanylabeling_human_review,2,human_checked,mouse_v2,,,75603d785cea6703f9a3938e9cd0c0d5fc5eaa6e47380151deacf012d8e3e26d
aug_0204_mouse_v2_028_t020633.jpg,train,synthetic_augmentation,mouse,xanylabeling_human_review,1,human_checked,mouse_v2,,,3b00b50f3acc839d2fc78d8007c59e8f4cdadb6a97482a1962eddbc6c9500d32
aug_0205_mouse_v2_030_t022100.jpg,train,synthetic_augmentation,mouse,xanylabeling_human_review,1,human_checked,mouse_v2,,,a9024d83becdb57024eba04f74fc5593c9ce6db80477dc6714bb8a6b4f997c75
aug_0206_mouse_v2_031_t023300.jpg,train,synthetic_augmentation,mouse,xanylabeling_human_review,1,human_checked,mouse_v2,,,a752dcaefa0968eeb2c18fbf7257265c98aec868cf37a316f4ac713f1789abda
aug_0207_mouse_v2_032_t023833.jpg,train,synthetic_augmentation,mouse,xanylabeling_human_review,1,human_checked,mouse_v2,,,60465f5b609ec63a0a532b0977f3565b01e901f9aab993aa56734541facba870
aug_0208_mouse_v3_001_t000633.jpg,excluded,synthetic_augmentation,mouse,xanylabeling_human_review,1,human_checked,mouse_v3,,,0cac2ba2eaf0d7741def4f5b9df301d67a08efb324064bf4d9be924eea6179cd
aug_0209_mouse_v3_004_t003833.jpg,excluded,synthetic_augmentation,mouse,xanylabeling_human_review,1,human_checked,mouse_v3,,,e14d54456dd15e20036d813ff1e550082b7bfe13a1ca756abe65088455840b27
aug_0210_mouse_v3_006_t005567.jpg,excluded,synthetic_augmentation,mouse,xanylabeling_human_review,1,human_checked,mouse_v3,,,d6922e64e184abf832c0c928111c51d3da0bbf9a03ffcc5756846b32b372b68f
aug_0211_mouse_v3_007_t006633.jpg,excluded,synthetic_augmentation,mouse,xanylabeling_human_review,1,human_checked,mouse_v3,,,773f3f866f88fc69fb7c7493f9b82d75b88c0ae42056065b195b6301638cbad6
aug_0212_mouse_v3_008_t007167.jpg,excluded,synthetic_augmentation,mouse,xanylabeling_human_review,1,human_checked,mouse_v3,,,8581a5420efe033c3983e9c36f68b2cc583fd29c68ce8597f3ba2f01a7aae79e
aug_0213_mouse_v3_009_t007967.jpg,excluded,synthetic_augmentation,mouse,xanylabeling_human_review,1,human_checked,mouse_v3,,,c7b85abb6b0e449688b5ec5504a8fd9ec3f640ca5995b3a3f8ccdd82c76c10f0
aug_0214_mouse_v3_011_t010500.jpg,excluded,synthetic_augmentation,mouse,xanylabeling_human_review,1,human_checked,mouse_v3,,,38e5157f2959db43a09b03957018764bb17cce47349a8df5abf67b3c3fa4120c
aug_0215_mouse_v3_012_t011433.jpg,excluded,synthetic_augmentation,mouse,xanylabeling_human_review,1,human_checked,mouse_v3,,,11c2bd1847e5c84b9e94ffec8fdb43fcd69091d6bff76a3205069d4d49feaaa2
aug_0216_mouse_v3_013_t012100.jpg,excluded,synthetic_augmentation,mouse,xanylabeling_human_review,1,human_checked,mouse_v3,,,d4e723d28198c996627cce420474eebe8c68b2dd75ff11dca9a904834401e855
aug_0217_mouse_v3_014_t012900.jpg,excluded,synthetic_augmentation,mouse,xanylabeling_human_review,1,human_checked,mouse_v3,,,21685dd1e915e2fe3192c7423140e6f3b7865602056b5fd7e253b31278d2c9f2
aug_0218_mouse_v3_015_t014100.jpg,excluded,synthetic_augmentation,mouse,xanylabeling_human_review,1,human_checked,mouse_v3,,,9929563bf25a83906631b8805fe0e1cf31daaf6c01d91bce4830b82de86bfe4d
aug_0219_mouse_v3_019_t017833.jpg,excluded,synthetic_augmentation,mouse,xanylabeling_human_review,1,human_checked,mouse_v3,,,4233c65a46fc191babf94713dcbdec682d8e18aa8350702bb439d953afdc478f
aug_0220_mouse_v3_025_t023300.jpg,excluded,synthetic_augmentation,mouse,xanylabeling_human_review,1,human_checked,mouse_v3,,,7a72098efbb652dfd4e3979d03f0262b4663c4817eaa17119e80eb3db32b160d
aug_0221_mouse_v3_026_t024233.jpg,excluded,synthetic_augmentation,mouse,xanylabeling_human_review,1,human_checked,mouse_v3,,,d6c316d3375e2d705b45831ee2173a0671c697fb535adf51346c37cd81a3b395
aug_0222_mouse_v3_027_t024633.jpg,excluded,synthetic_augmentation,mouse,xanylabeling_human_review,1,human_checked,mouse_v3,,,84d11fdd8659dd09297d314c1d9198ef9e4b1b5b97b2753b7a9483c29098408f
aug_0223_mouse_v3_028_t025833.jpg,excluded,synthetic_augmentation,mouse,xanylabeling_human_review,1,human_checked,mouse_v3,,,5fb7640b9b43be3432ceb5a8828e02a79b025bc847f605818a25612c063bc531
aug_0224_mouse_v3_029_t026367.jpg,excluded,synthetic_augmentation,mouse,xanylabeling_human_review,1,human_checked,mouse_v3,,,1bcb6597447f4da03836f5d991d061f06c444b2306488351f227b6707569bd67
aug_0225_mouse_v3_030_t027700.jpg,excluded,synthetic_augmentation,mouse,xanylabeling_human_review,1,human_checked,mouse_v3,,,607dc91e613d2a691ac9eb0967a81fe67ddce8c8496a1359814a17df5941b088
aug_0226_mouse_v3_031_t028500.jpg,excluded,synthetic_augmentation,mouse,xanylabeling_human_review,1,human_checked,mouse_v3,,,de6f19dd7e023a556b0d3a65e8c41a4748b6d4aa034cb35b3410dc6ca1db4995
aug_0227_mouse_v3_032_t029033.jpg,excluded,synthetic_augmentation,mouse,xanylabeling_human_review,1,human_checked,mouse_v3,,,f5a2ed26ffe86428cbf78050c8f98c2393b954e088b20fc5cffa17d3bbf0408b
aug_0228_mouse_video02_0000.jpg,excluded,synthetic_augmentation,mouse,xanylabeling_human_review,1,human_checked,mouse_video02,,,0076ad4a75602191325e0d5e7e4fe39d19dc3ba75d85747203bb4bd05c35ca5a
aug_0229_mouse_video02_0001.jpg,excluded,synthetic_augmentation,mouse,xanylabeling_human_review,1,human_checked,mouse_video02,,,190ada7ebe6c89980aea3502d4a01c4f8435cebf3b6c67d979cac4ebea664447
aug_0230_mouse_video02_0002.jpg,excluded,synthetic_augmentation,mouse,xanylabeling_human_review,1,human_checked,mouse_video02,,,7063dd08e9818bf43f37717ed80176bffb38387fea6424740afd0bbc36253a18
aug_0231_mouse_video02_0003.jpg,excluded,synthetic_augmentation,mouse,xanylabeling_human_review,1,human_checked,mouse_video02,,,c1205f2561020d981b70999d132534e38a82435ac264e8a4e52de8ea9134f194
aug_0232_mouse_video02_0004.jpg,excluded,synthetic_augmentation,mouse,xanylabeling_human_review,1,human_checked,mouse_video02,,,05340e00db380fb68a5e63c6007059d79e6379614990d28df9c6da125479a9e4
aug_0233_mouse_video02_0005.jpg,excluded,synthetic_augmentation,mouse,xanylabeling_human_review,1,human_checked,mouse_video02,,,a87cbd2c4d42f1e478f8b7e4f3bbbb3527b656859f30cd81679c411b32e8a1bb
aug_0234_mouse_video02_0006.jpg,excluded,synthetic_augmentation,mouse,xanylabeling_human_review,1,human_checked,mouse_video02,,,12622c7cbd5f998d532eb6253f7710a425517847f25cd3fee2c8a80046077248
aug_0235_mouse_video02_0007.jpg,excluded,synthetic_augmentation,mouse,xanylabeling_human_review,1,human_checked,mouse_video02,,,16cec9c126ff93c65d5c27d5d53f41fcafcea8f84d8a6ac9e28d97ea5575d2c4
aug_0236_mouse_video02_0008.jpg,excluded,synthetic_augmentation,mouse,xanylabeling_human_review,1,human_checked,mouse_video02,,,64e4ab76cde6fd45640f682938ba10d43bc9e2b432226bb8bc381ef69d09c38d
aug_0237_mouse_video02_0009.jpg,excluded,synthetic_augmentation,mouse,xanylabeling_human_review,1,human_checked,mouse_video02,,,f35d99e3295686496e7ca2fcee9dbdb577476c66a0ef128789d203831d522e6e
aug_0238_mouse_video02_0010.jpg,excluded,synthetic_augmentation,mouse,xanylabeling_human_review,1,human_checked,mouse_video02,,,4e65c1085968bd6b7671e7ece01c43fc30c924248bd40b9c7618cb261a773c43
aug_0239_mouse_video02_0011.jpg,excluded,synthetic_augmentation,mouse,xanylabeling_human_review,1,human_checked,mouse_video02,,,74050f17c315f7c96dbd07969898f10a8c45d0efab6ff1e2f18e170cb884e2fd
aug_0240_mouse_video02_0012.jpg,excluded,synthetic_augmentation,mouse,xanylabeling_human_review,1,human_checked,mouse_video02,,,35fb7f6dc86ef2c8b71ec878479770c6e153a0a8c168b0c54417d85339b9d4a2
aug_0241_mouse_video02_0013.jpg,excluded,synthetic_augmentation,mouse,xanylabeling_human_review,1,human_checked,mouse_video02,,,6d11faae0f255d3186027965b9d11f3ba49bf91492a4beb518dd0949c50075a2
aug_0242_mouse_video02_0014.jpg,excluded,synthetic_augmentation,mouse,xanylabeling_human_review,1,human_checked,mouse_video02,,,4810e45b9a58062ca86ebc5359cc8dc3b2d3e9676eb0345d48b2fc1b2434af79
aug_0243_mouse_video02_0015.jpg,excluded,synthetic_augmentation,mouse,xanylabeling_human_review,1,human_checked,mouse_video02,,,15f207513143971d1783ec50951b7d08913d38aa2b6343b68fc1746b95ba256c
aug_0244_mouse_video02_0016.jpg,excluded,synthetic_augmentation,mouse,xanylabeling_human_review,1,human_checked,mouse_video02,,,8ed17afeda5b35304b862d51f34a205ac88173b073f3c8cca1f47464a44ffcd1
aug_0245_mouse_video02_0017.jpg,excluded,synthetic_augmentation,mouse,xanylabeling_human_review,1,human_checked,mouse_video02,,,26496410980d7eb7484068c4b24c0b5778296aa0a5bd9d409251708c220d8479
aug_0246_mouse_video02_0018.jpg,excluded,synthetic_augmentation,mouse,xanylabeling_human_review,1,human_checked,mouse_video02,,,30dda21931b9f5d3506a448b38f7e102ec8dcd2a8ce445061ad46a6c3dc65bf8
aug_0247_mouse_video02_0019.jpg,excluded,synthetic_augmentation,mouse,xanylabeling_human_review,1,human_checked,mouse_video02,,,6616b4f20386125cb29a83d23c2a04a52ed25e025c5671f0a571614dadc0ca92
aug_0248_mouse_video02_0020.jpg,excluded,synthetic_augmentation,mouse,xanylabeling_human_review,1,human_checked,mouse_video02,,,490b3d95f1aa964fc3b120913b436572944e7bb7e6a1eae3e3e3e0ad46377cdd
aug_0249_mouse_video02_0021.jpg,excluded,synthetic_augmentation,mouse,xanylabeling_human_review,1,human_checked,mouse_video02,,,2692fb7a0ccdcd3c69a4d121c4d392bb48c50ce0df9bdb25963d17f9dce7e3f3
aug_0250_mouse_video02_0022.jpg,excluded,synthetic_augmentation,mouse,xanylabeling_human_review,1,human_checked,mouse_video02,,,1fba24e8eefade72b0653dbba74918ce13ee312923cde490cc33df922a79c220
aug_0251_mouse_video02_0023.jpg,excluded,synthetic_augmentation,mouse,xanylabeling_human_review,1,human_checked,mouse_video02,,,bcd9cca55bed9ad74b5d755e163d7ac66439f0d06b4b6abddc98c388c96bd8ad
aug_0252_mouse_video02_0024.jpg,excluded,synthetic_augmentation,mouse,xanylabeling_human_review,1,human_checked,mouse_video02,,,6b4f7627def454851f25fda03b2937913d781b6868364eb3ed30a4942e86e1b0
aug_0253_mouse_video02_0025.jpg,excluded,synthetic_augmentation,mouse,xanylabeling_human_review,1,human_checked,mouse_video02,,,802e1fffee2582d6ab34922f5e9791050e55967e5d0d042cd4cbd0714a9b73f6
aug_0254_mouse_video02_0026.jpg,excluded,synthetic_augmentation,mouse,xanylabeling_human_review,1,human_checked,mouse_video02,,,65c29c21a2996636ce34a31fdcc94c6c35a5714ab20b6e4d64fc2f8d26004daa
aug_0255_mouse_video02_0027.jpg,excluded,synthetic_augmentation,mouse,xanylabeling_human_review,1,human_checked,mouse_video02,,,cb0c275df2a604cf9ed53b1291abf7479430065f6c0affd3ef524db89b316cc1
aug_0256_mouse_video02_0028.jpg,excluded,synthetic_augmentation,mouse,xanylabeling_human_review,1,human_checked,mouse_video02,,,9e4736bd66969062add94449d763be9f7f271ddbb585f06e051aecec0d7e3e12
aug_0257_mouse_video02_0029.jpg,excluded,synthetic_augmentation,mouse,xanylabeling_human_review,1,human_checked,mouse_video02,,,bf49299a3d802946988c417030f542f1be57da68ba77e3bc488fc1c1810c0960
aug_0258_mouse_video02_0030.jpg,excluded,synthetic_augmentation,mouse,xanylabeling_human_review,1,human_checked,mouse_video02,,,b4ea3f0099254f415747455dc8170050e38c28b1b3d4eeab89af2a92d6342777
aug_0259_mouse_video02_0031.jpg,excluded,synthetic_augmentation,mouse,xanylabeling_human_review,1,human_checked,mouse_video02,,,1ab7a6e2f4c97302fe79355e43178d1ae7c899565b13050716e004477d6e5a63
aug_0260_mouse_video02_0032.jpg,excluded,synthetic_augmentation,mouse,xanylabeling_human_review,1,human_checked,mouse_video02,,,2db6ab13000342c11e6ed31675f0f03829acb7a97d8516d1d6a1f10bba90c0c7
aug_0261_mouse_video02_0033.jpg,excluded,synthetic_augmentation,mouse,xanylabeling_human_review,1,human_checked,mouse_video02,,,249195dc9af8fcee06a2f31ac92be6c71ffde2d46e4ee8c363791e64dadc30a8
aug_0262_mouse_video02_0034.jpg,excluded,synthetic_augmentation,mouse,xanylabeling_human_review,1,human_checked,mouse_video02,,,349898620fd4a2e0274c5a754c2fc2fbb028e521ce946f5a4fbd0f1f09039946
aug_0263_mouse_video02_0035.jpg,excluded,synthetic_augmentation,mouse,xanylabeling_human_review,1,human_checked,mouse_video02,,,20353b319fb79ab79dbfab9ea2ccd39d2085f097ee6d37936f4745cc527af5ae
aug_0264_mouse_video02_0036.jpg,excluded,synthetic_augmentation,mouse,xanylabeling_human_review,1,human_checked,mouse_video02,,,ebbb9f8c931b153b4df887cc8ea4bce05c4ca086c0ff3707abb319842145e320
aug_0265_mouse_video02_0037.jpg,excluded,synthetic_augmentation,mouse,xanylabeling_human_review,1,human_checked,mouse_video02,,,3942639bcef957e42c2a2f02b75235c66edab986e03c0c992af496b0751aaa77
aug_0266_mouse_video02_0038.jpg,excluded,synthetic_augmentation,mouse,xanylabeling_human_review,1,human_checked,mouse_video02,,,2c98daeac5b8dfc756b6a48a33a3c3fdf408dfc6c41d856d687043c5e1b5f675
aug_0267_mouse_video02_0039.jpg,excluded,synthetic_augmentation,mouse,xanylabeling_human_review,1,human_checked,mouse_video02,,,1c86a444a510f3cd6bf66f857e5569b7c1354cd7967bd5a2f604caedc8cede70
aug_0268_mouse_video02_0040.jpg,excluded,synthetic_augmentation,mouse,xanylabeling_human_review,1,human_checked,mouse_video02,,,b1e9e30f93eab7fe0106a4b6a774bba9a4c38469ce0e02d4a266200135d080c1
aug_0269_mouse_video02_0041.jpg,excluded,synthetic_augmentation,mouse,xanylabeling_human_review,1,human_checked,mouse_video02,,,5b82643c0e619a4ce117d543199f97b601e07bc015f2a18901f59617824b73a5
aug_0270_mouse_video02_0042.jpg,excluded,synthetic_augmentation,mouse,xanylabeling_human_review,1,human_checked,mouse_video02,,,bc92845f19f2dc15fe906d885f9efad8aa7b95785f8c080eec2d0178469be68d
aug_0271_mouse_video02_0043.jpg,excluded,synthetic_augmentation,mouse,xanylabeling_human_review,1,human_checked,mouse_video02,,,62bb58c79c022a6c0a2d39e10b0bbf0ef08ccaf7504ad90617c57f7d8a397cb7
aug_0272_mouse_video02_0044.jpg,excluded,synthetic_augmentation,mouse,xanylabeling_human_review,1,human_checked,mouse_video02,,,1e4d2d442fed4013c93871b94d097af6369b3f4ae1b89d9ba010f562a7460912
aug_0273_mouse_video02_0045.jpg,excluded,synthetic_augmentation,mouse,xanylabeling_human_review,1,human_checked,mouse_video02,,,2a5fe4120f29dde7c3d23a9bf27875c039f3a4ad79b234e1ee19c35309a6de76
aug_0274_mouse_video02_0046.jpg,excluded,synthetic_augmentation,mouse,xanylabeling_human_review,1,human_checked,mouse_video02,,,b9a8a8cf3f928d218ef179759f75c9201b549d149baf3a1cce9719468f2e2d99
aug_0275_mouse_video02_0047.jpg,excluded,synthetic_augmentation,mouse,xanylabeling_human_review,1,human_checked,mouse_video02,,,79cf81d2d4d1bc14415bbd8a2e7c855427f374b243c0a9450f22e1daa066dc62
aug_0276_mouse_video02_0048.jpg,excluded,synthetic_augmentation,none,xanylabeling_human_review,0,human_checked_negative,mouse_video02,,,b90ea1bb85d7e64a3beb0c11cf6a65eb9a2fbc7480a3b796ae442cb4519868a0
aug_0277_mouse_video02_0049.jpg,excluded,synthetic_augmentation,none,xanylabeling_human_review,0,human_checked_negative,mouse_video02,,,c7ae1a0d8935fb9f527e11afa95c1a0920240ea80e0e3a31a6ad0a22e84b08de
aug_0278_mouse_video02_0050.jpg,excluded,synthetic_augmentation,none,xanylabeling_human_review,0,human_checked_negative,mouse_video02,,,13538fabc5d7ccc436da55fb3b4c2489ba932e9609d0adcebd922751afaf1bb1
aug_0279_mouse_video02_0051.jpg,excluded,synthetic_augmentation,mouse,xanylabeling_human_review,1,human_checked,mouse_video02,,,48cf3feeac53ddaf01018da4e453dc96f8a27d88d165ad1ee1ac1a7808a5c176
aug_0280_mouse_video02_0052.jpg,excluded,synthetic_augmentation,mouse,xanylabeling_human_review,1,human_checked,mouse_video02,,,97e0894d50356460cbd65fab3ebd543930b989a46dd5bd798723dc4ee966db84
aug_0281_mouse_video02_0053.jpg,excluded,synthetic_augmentation,mouse,xanylabeling_human_review,1,human_checked,mouse_video02,,,e4c33cd5ffb718bd6ce2dc1825646ccd3ffbb7722f88e18a153f43a7d968c128
aug_0282_mouse_video02_0054.jpg,excluded,synthetic_augmentation,mouse,xanylabeling_human_review,1,human_checked,mouse_video02,,,239d903181c816afe8ec9f4f778fe7e1ea8b250faed92e04c1464e82eed91a94
aug_0283_mouse_video02_0055.jpg,excluded,synthetic_augmentation,mouse,xanylabeling_human_review,1,human_checked,mouse_video02,,,0a39e74b11883c4d648aa015ab7862eeecc141132a603c652fe9839e497a760e
aug_0284_mouse_video02_0056.jpg,excluded,synthetic_augmentation,mouse,xanylabeling_human_review,1,human_checked,mouse_video02,,,5c016b4fe0a2211edf0d1cb5e5bf9d4f0bfcb030626f9a4787cca92d11222c0b
aug_0285_mouse_video02_0057.jpg,excluded,synthetic_augmentation,mouse,xanylabeling_human_review,1,human_checked,mouse_video02,,,82c0ee74227b1c7d95dce56b5b72250d8bc72b7396e6399709884496eadcfc32
aug_0286_mouse_video02_0058.jpg,excluded,synthetic_augmentation,mouse,xanylabeling_human_review,1,human_checked,mouse_video02,,,e1b8354ea19cfdedfaf973ecaaa9a36e78f2b65e3bef1fba8b8ac06c81424459
aug_0287_mouse_video02_0059.jpg,excluded,synthetic_augmentation,mouse,xanylabeling_human_review,1,human_checked,mouse_video02,,,d5f01704738a52f21a2c7c927062504e8bce613b4c9234fac1e22293051ad6c9
aug_0288_mouse_video02_0060.jpg,excluded,synthetic_augmentation,mouse,xanylabeling_human_review,1,human_checked,mouse_video02,,,14a135eaf2c9d2be0e2572d3302dc58f1eb738a900ac43ae8057b3aba22ba7ef
aug_0289_mouse_video02_0061.jpg,excluded,synthetic_augmentation,mouse,xanylabeling_human_review,1,human_checked,mouse_video02,,,5ddeee562ea5725bbb8f881ee4282cf03a59163ed2074f91cea0b40dab73944d
aug_0290_mouse_video02_0062.jpg,excluded,synthetic_augmentation,mouse,xanylabeling_human_review,1,human_checked,mouse_video02,,,669ce0055118d40ba82ac551f643b67a26df1f21d4f6f5aba75a041f9cf64e1a
aug_0291_mouse_video02_0063.jpg,excluded,synthetic_augmentation,mouse,xanylabeling_human_review,1,human_checked,mouse_video02,,,d0c9f762fd847a3a30de0a393b617dc904ce5a9f44568ea4f7d900d77f997305
aug_0292_mouse_video02_0064.jpg,excluded,synthetic_augmentation,mouse,xanylabeling_human_review,1,human_checked,mouse_video02,,,272b37c5e9a840e77e47a9a753793dfea6cc93eaa693600988995426e13d80db
aug_0293_mouse_video02_0065.jpg,excluded,synthetic_augmentation,mouse,xanylabeling_human_review,1,human_checked,mouse_video02,,,3550cf1df2d8fd2fc1fa332679331bf78c1055d5317bcbc056a82aa16d9db983
aug_0294_mouse_video02_0066.jpg,excluded,synthetic_augmentation,mouse,xanylabeling_human_review,1,human_checked,mouse_video02,,,82d5159d93787ee7d94de8f035e5b67acb106fd058535ba313272fdc034022ce
aug_0295_mouse_video02_0067.jpg,excluded,synthetic_augmentation,mouse,xanylabeling_human_review,1,human_checked,mouse_video02,,,12b4166e6fe60767e827fbefdd603dc234508789800e76eb325d301822349511
aug_0296_mouse_video02_0068.jpg,excluded,synthetic_augmentation,mouse,xanylabeling_human_review,1,human_checked,mouse_video02,,,7ab11682fa558e025162052e9b3d046ec589fd1077716f38b226622a609622c1
aug_0297_mouse_video02_0069.jpg,excluded,synthetic_augmentation,mouse,xanylabeling_human_review,1,human_checked,mouse_video02,,,80d895d069d3ccb409e4da03ef5f4814209d1ae025f2ccf9a5b71d136bd6218d
aug_0298_mouse_video02_0070.jpg,excluded,synthetic_augmentation,mouse,xanylabeling_human_review,1,human_checked,mouse_video02,,,707360c7861f5281fc3f147646c3cfdd67f88da8353cb5f0e8479c1fd1d75210
aug_0299_mouse_video02_0071.jpg,excluded,synthetic_augmentation,mouse,xanylabeling_human_review,1,human_checked,mouse_video02,,,86afcee539002e80e5a67184689c70bd021276c4cd8b00ac9ddaa9d303679968
aug_0300_mouse_video02_0072.jpg,excluded,synthetic_augmentation,mouse,xanylabeling_human_review,1,human_checked,mouse_video02,,,a331ef7cc3f58acdeff2cde7814647457017221685dc2f6936c84a2063c072a1
aug_0301_mouse_video02_0073.jpg,excluded,synthetic_augmentation,mouse,xanylabeling_human_review,1,human_checked,mouse_video02,,,d9ffc664faabc931623db37a9f5a89478a9745a4f40fae43ab0d4388b26fc110
aug_0302_mouse_video02_0074.jpg,excluded,synthetic_augmentation,mouse,xanylabeling_human_review,1,human_checked,mouse_video02,,,d4d18937b21f06e3f12828ae9581a4856e1d7d6714ddd952ad166dcb9b061df0
aug_0303_mouse_video02_0075.jpg,excluded,synthetic_augmentation,mouse,xanylabeling_human_review,1,human_checked,mouse_video02,,,c22231d0a8034fa897a56c9493c18ef9770759f1dad2b0d3b4f43f2241997b2b
aug_0304_mouse_video02_0076.jpg,excluded,synthetic_augmentation,mouse,xanylabeling_human_review,1,human_checked,mouse_video02,,,f877d037e39022b7c4310b3fd57e0be70b9c277f558060f137c3673674e4a726
aug_0305_mouse_video02_0077.jpg,excluded,synthetic_augmentation,mouse,xanylabeling_human_review,1,human_checked,mouse_video02,,,cd7de2032b87d18cef6225b823d5997d1f820cabbcb264763b733973f64d65fd
aug_0306_mouse_video02_0078.jpg,excluded,synthetic_augmentation,mouse,xanylabeling_human_review,1,human_checked,mouse_video02,,,a592f8ec2eae81c4421992664d31df087d044a42afdb0b2e09dc36f7862d4c64
aug_0307_mouse_video02_0079.jpg,excluded,synthetic_augmentation,mouse,xanylabeling_human_review,1,human_checked,mouse_video02,,,fe08d31832bf1ffc74fd6531c364f8913b8cb8622cad36916abbff80f690e1c1
aug_0308_mouse_video02_0080.jpg,excluded,synthetic_augmentation,mouse,xanylabeling_human_review,1,human_checked,mouse_video02,,,c5d30bc39f1c644eaff7ef756ef4b6433f665e3c69ef01a5a1d47364ee32d8cf
aug_0309_mouse_video02_0081.jpg,excluded,synthetic_augmentation,mouse,xanylabeling_human_review,1,human_checked,mouse_video02,,,f13df2f640b7d414806369a38247ff042fc416dcb506c9978a44a3a52f498708
aug_0310_mouse_video02_0082.jpg,excluded,synthetic_augmentation,mouse,xanylabeling_human_review,1,human_checked,mouse_video02,,,28c0748feb47eb9de3d0353e34ca42c0d92a77abe9cb5c13e6b7a3b43ff15585
aug_0311_mouse_video02_0083.jpg,excluded,synthetic_augmentation,mouse,xanylabeling_human_review,1,human_checked,mouse_video02,,,11cd1e50b33960b476941824a17ae8012bb2bb73ef72438bbf4523e1e8c0aa85
aug_0312_mouse_video02_0084.jpg,excluded,synthetic_augmentation,mouse,xanylabeling_human_review,1,human_checked,mouse_video02,,,c4e2ee3389f7f95a295588ada6651f96f886fa91fd29c9f6e95ad88130545bc6
aug_0313_mouse_video02_0085.jpg,excluded,synthetic_augmentation,mouse,xanylabeling_human_review,1,human_checked,mouse_video02,,,065b0c1024aa5ffec620d4582a7e6605dad3b7fa5b2630f21c20b9927a4ab948
aug_0314_mouse_video02_0086.jpg,excluded,synthetic_augmentation,mouse,xanylabeling_human_review,1,human_checked,mouse_video02,,,aaf3b8a09cf2dc3fd6b3882faa883eeeea748ada016bf6082458a985d72f4e61
aug_0315_mouse_video02_0087.jpg,excluded,synthetic_augmentation,mouse,xanylabeling_human_review,1,human_checked,mouse_video02,,,689ab5ec552cea01327b844c98aac866cd19c743156f2be2c9a9b1cd9efa94e2
aug_0316_mouse_video02_0088.jpg,excluded,synthetic_augmentation,mouse,xanylabeling_human_review,1,human_checked,mouse_video02,,,67cbf9e395d92d2bd99ec550b0184b37375e2384dd35a3f4685826e57d5a0215
aug_0317_mouse_video02_0089.jpg,excluded,synthetic_augmentation,mouse,xanylabeling_human_review,1,human_checked,mouse_video02,,,7d8b9d9f94a1dadb2eeee0f88ff6c11e04e8c2f726fd6ef02c138daeb68030d8
aug_0318_mouse_video02_0090.jpg,excluded,synthetic_augmentation,mouse,xanylabeling_human_review,1,human_checked,mouse_video02,,,5466486077d578cbca02ec1cfaf325b264d28544457a18d8cddbabe1362808ec
aug_0319_mouse_video02_0091.jpg,excluded,synthetic_augmentation,mouse,xanylabeling_human_review,1,human_checked,mouse_video02,,,89d0c7fa60b3643dff2e249b1e8d6a0b3c06e7cda222e14360005e9cdfdaa330
aug_0320_mouse_video02_0092.jpg,excluded,synthetic_augmentation,mouse,xanylabeling_human_review,1,human_checked,mouse_video02,,,8fba1c344b1ab4ee47b64995af524d711179f128e6b3318ea0a190e07d0c0251
aug_0321_mouse_video02_0093.jpg,excluded,synthetic_augmentation,mouse,xanylabeling_human_review,1,human_checked,mouse_video02,,,32edd34c321457729039f19012d7bff92e493be96c2a39892b7733be28557a75
aug_0322_mouse_video02_0094.jpg,excluded,synthetic_augmentation,mouse,xanylabeling_human_review,1,human_checked,mouse_video02,,,dc9da67ed4e522e691337396253fb7540726b3d41c9180ae742cb9d72fb6e047
aug_0323_mouse_video02_0095.jpg,excluded,synthetic_augmentation,mouse,xanylabeling_human_review,1,human_checked,mouse_video02,,,a8efba30db37ce6b4ab818d8ca390c102f69d62f39cae7fa25d970043604db20
aug_0324_mouse_video02_0096.jpg,excluded,synthetic_augmentation,mouse,xanylabeling_human_review,1,human_checked,mouse_video02,,,1dbe7b01d1e704eaf9edf9df157d737d0cf9b816a723ac27725422beef7aef8c
aug_0325_mouse_video02_0097.jpg,excluded,synthetic_augmentation,mouse,xanylabeling_human_review,1,human_checked,mouse_video02,,,1353cbaa487f0de38e928c89b1ae2c9399c9637b2ccf645205209d07fe89399d
aug_0326_mouse_video02_0098.jpg,excluded,synthetic_augmentation,mouse,xanylabeling_human_review,1,human_checked,mouse_video02,,,7485dc838c40dcc5df6e2660bc028b63b5c27843dda8a6b85c5a67801ee313d8
aug_0327_mouse_video02_0099.jpg,excluded,synthetic_augmentation,mouse,xanylabeling_human_review,1,human_checked,mouse_video02,,,081e2eb385e910cbd56a36e23b14f92a5525b889ec5380197aba2e5e89492194
aug_0328_mouse_video02_0100.jpg,excluded,synthetic_augmentation,mouse,xanylabeling_human_review,1,human_checked,mouse_video02,,,d383538abef085f6e96d3d9423577793f16b48ac2f4e2c2b90893e3e611d2432
aug_0329_mouse_video02_0101.jpg,excluded,synthetic_augmentation,mouse,xanylabeling_human_review,1,human_checked,mouse_video02,,,88e3844ad1945c5b6bf7dfea0eae587138dfd41400687632abb763677fb18c7d
aug_0330_mouse_video02_0102.jpg,excluded,synthetic_augmentation,mouse,xanylabeling_human_review,1,human_checked,mouse_video02,,,e12ee992c2b0547c411d94d22803f7a71bd07f840c9d18d233fa5da649bf9b2e
aug_0331_mouse_video02_0103.jpg,excluded,synthetic_augmentation,mouse,xanylabeling_human_review,1,human_checked,mouse_video02,,,742a9cd6685ef298e83ca79915067ebb708aa5a9edf4b865d44fb862a90837ae
aug_0332_mouse_video02_0104.jpg,excluded,synthetic_augmentation,mouse,xanylabeling_human_review,1,human_checked,mouse_video02,,,66fd0b52379c38b8492734a31b43769bef55d23d8fee9a4a4ba8ff27e9d27a16
aug_0333_mouse_video02_0105.jpg,excluded,synthetic_augmentation,mouse,xanylabeling_human_review,1,human_checked,mouse_video02,,,23736b9f6a5eca290159fbd83e6bcc74362c716780c61f04242bc44eadd20fed
aug_0334_mouse_video02_0106.jpg,excluded,synthetic_augmentation,mouse,xanylabeling_human_review,1,human_checked,mouse_video02,,,1ca1474f28de06f6e1ad3aa357e9d5fadd9d31e61577edeae472cd8637123335
aug_0335_mouse_video02_0107.jpg,excluded,synthetic_augmentation,mouse,xanylabeling_human_review,1,human_checked,mouse_video02,,,c3e6b0723ac1827cf4e0398bdbe91c87a70ed80e2f081010afac71b91e076de4
aug_0336_mouse_video02_0108.jpg,excluded,synthetic_augmentation,mouse,xanylabeling_human_review,1,human_checked,mouse_video02,,,5d0e65d4e04edd351c6c338960bd4899cc407ed1641e5dfb504f13f60be0f836
aug_0337_mouse_video02_0109.jpg,excluded,synthetic_augmentation,mouse,xanylabeling_human_review,1,human_checked,mouse_video02,,,b5a4080a4262ea947c04d8cad753f6e5a9b80e53600c2c9437e383c41b34bb94
aug_0338_mouse_video02_0110.jpg,excluded,synthetic_augmentation,mouse,xanylabeling_human_review,1,human_checked,mouse_video02,,,760ac4e9b0ef6f3a977cdd50dfa2b84580a2e39c158c1e0a270d10c02efcccda
aug_0339_mouse_video02_0111.jpg,excluded,synthetic_augmentation,mouse,xanylabeling_human_review,1,human_checked,mouse_video02,,,7818e70c1e98910a083ef6590b974b3334d0debfd38a5bee5080bda3dffca08e
aug_0340_mouse_video02_0112.jpg,excluded,synthetic_augmentation,mouse,xanylabeling_human_review,1,human_checked,mouse_video02,,,4bf3da73f8cac938179e279d1013b3f426a6d75e9bf3b3c28b869a987ca03fce
aug_0341_mouse_video02_0113.jpg,excluded,synthetic_augmentation,mouse,xanylabeling_human_review,1,human_checked,mouse_video02,,,77524ec00ff8338648c91d5c330d67dbf0f1c5e86e420d6941f74de2e468d5c7
aug_0342_mouse_video02_0114.jpg,excluded,synthetic_augmentation,mouse,xanylabeling_human_review,1,human_checked,mouse_video02,,,9f1dda2ad3f1e4850f0afed56f21a0a9ea94dca6f5597ae6fb86df0258e31547
aug_0343_mouse_video02_0115.jpg,excluded,synthetic_augmentation,mouse,xanylabeling_human_review,1,human_checked,mouse_video02,,,9c629d3a7ebea327137c13c94913144caa28a9d72cba28d8d0d181e5ce72ec72
aug_0344_mouse_video02_0116.jpg,excluded,synthetic_augmentation,mouse,xanylabeling_human_review,1,human_checked,mouse_video02,,,53fb5d2ea6a17dda18533a1c1eb8ee17571fa4e1d27cd2b1f4333d141c265b3b
aug_0345_mouse_video02_0117.jpg,excluded,synthetic_augmentation,mouse,xanylabeling_human_review,1,human_checked,mouse_video02,,,93bbffa4aa482681de5c418fe084522d288a69cc7a64ca3a38559601b62310bc
aug_0346_mouse_video02_0118.jpg,excluded,synthetic_augmentation,mouse,xanylabeling_human_review,1,human_checked,mouse_video02,,,be877fa183af57b22d903ef74139b76e8aee71e47104a4aeb342fd242d40327f
aug_0347_mouse_video02_0119.jpg,excluded,synthetic_augmentation,mouse,xanylabeling_human_review,1,human_checked,mouse_video02,,,853ad1a684be9d9a7688b272833cae6406e6c64724f44be9121523c7f0f66e68
aug_0348_cup_v1_002_t002100.jpg,train,synthetic_augmentation,cup,xanylabeling_human_review,1,human_checked,cup_v1,,,fd69e1081c9df1ac7c242139684109713f917b20afd1b1c0c823051c94880513
aug_0349_cup_v1_003_t002767.jpg,train,synthetic_augmentation,cup,xanylabeling_human_review,1,human_checked,cup_v1,,,a6016e0ff730c5928c6245c3d6c957ca264542a63e199c4bc06184c32c7ca354
aug_0350_cup_v1_004_t004233.jpg,excluded,synthetic_augmentation,cup,xanylabeling_human_review,1,human_checked,cup_v1,,,de014037e31385ab9bbceeaad3501a182cac1998b0c2db613ce057fd99213808
aug_0351_cup_v1_006_t006233.jpg,excluded,synthetic_augmentation,cup,xanylabeling_human_review,1,human_checked,cup_v1,,,081447a93d6f495ce00eced9ab3fb3a79ce649d1f6af0f29a0a5d60b777c8b53
aug_0352_cup_v1_007_t006633.jpg,excluded,synthetic_augmentation,cup,xanylabeling_human_review,1,human_checked,cup_v1,,,0ed29a30b1cbc6977c378e8b0d643494f174e019dc3becd19264294b698afc37
aug_0353_cup_v1_008_t008500.jpg,excluded,synthetic_augmentation,cup,xanylabeling_human_review,1,human_checked,cup_v1,,,3a6e81453ea76c08f304e45cbd0ae88c0a876c7e4b144f2004545445470e06e1
aug_0354_cup_v1_009_t009033.jpg,excluded,synthetic_augmentation,cup,xanylabeling_human_review,1,human_checked,cup_v1,,,88576a033b47fcbc26c4113a5f8d27bc7316a8d1b8d18d595d4dc9137df345be
aug_0355_cup_v1_010_t009833.jpg,excluded,synthetic_augmentation,cup,xanylabeling_human_review,1,human_checked,cup_v1,,,b1fd0581c0a061ded410d9bdf200124cf0e07e64c592f4fd3b639314aee235ad
aug_0356_cup_v1_011_t011167.jpg,excluded,synthetic_augmentation,cup,xanylabeling_human_review,1,human_checked,cup_v1,,,48d96684e091c535bbdd8b83b4178ce63a374ffcad846b3a0040c496fcbe2d3d
aug_0357_cup_v1_012_t011833.jpg,excluded,synthetic_augmentation,cup,xanylabeling_human_review,1,human_checked,cup_v1,,,12ac8c55c6b28b9d1840d837449f9d8a9c70ca9d1d67aa578a091fd3ed13eccf
aug_0358_cup_v1_013_t012767.jpg,train,synthetic_augmentation,cup,xanylabeling_human_review,1,human_checked,cup_v1,,,b2fa79ff4fede32c016389b208fb335d85be1efc4fc9ff87d0e344cd7039ec1d
aug_0359_cup_v1_014_t014367.jpg,train,synthetic_augmentation,cup,xanylabeling_human_review,1,human_checked,cup_v1,,,83618b44d2c07b484efc1eb5b532263830246c53c95c791c6696fa99d20c3ddf
aug_0360_cup_v1_015_t015300.jpg,train,synthetic_augmentation,cup,xanylabeling_human_review,1,human_checked,cup_v1,,,b45da44a7abe69e6cbd57a2be2a1b09e672ca06ad3ab4174b5625a9badb241b7
aug_0361_cup_v1_016_t015700.jpg,excluded,synthetic_augmentation,cup,xanylabeling_human_review,1,human_checked,cup_v1,,,9d5a648dc33a308b4d68dfbb85f6edfd14a2c25812eb417f27c7ddd0ec2e375d
aug_0362_cup_v1_017_t016900.jpg,train,synthetic_augmentation,cup,xanylabeling_human_review,2,human_checked,cup_v1,,,11cb969d1c568abfec9afa2c79ab4c68513c953bd25aea2f86f1ac1d6d7b3bbc
aug_0363_cup_v1_020_t020100.jpg,train,synthetic_augmentation,cup,xanylabeling_human_review,2,human_checked,cup_v1,,,306c4f45d2320912b01adaee499afb8c4071d7049808418b2586b9e8143cc089
aug_0364_cup_v1_024_t024233.jpg,train,synthetic_augmentation,cup,xanylabeling_human_review,2,human_checked,cup_v1,,,040fc386daeb879546b4d3c0eb91b4c5fa4a1ec74ebf3bbd8218256cb6b3074b
aug_0365_cup_v1_025_t025300.jpg,train,synthetic_augmentation,cup,xanylabeling_human_review,2,human_checked,cup_v1,,,07c51d190f6a490315ea7b81da4e2a55cccdf463be321dfac3f28c6b1dd5fea7
aug_0366_cup_v1_026_t026367.jpg,train,synthetic_augmentation,cup,xanylabeling_human_review,2,human_checked,cup_v1,,,0263865842c842aa8a98bf5de38da261c3774b4341378a99b49193dd9bc62b05
aug_0367_cup_v1_028_t027433.jpg,train,synthetic_augmentation,cup,xanylabeling_human_review,2,human_checked,cup_v1,,,e25430728811c397a7f31343cfe8643a2dd14add6ddfab41b4449280946b3ab8
aug_0368_cup_v1_030_t030233.jpg,train,synthetic_augmentation,cup,xanylabeling_human_review,2,human_checked,cup_v1,,,541b42dcd3607a2ec9aadad86c5e0db35242fbcf265a2e9f42fe2e5c8d30cce5
aug_0369_cup_v1_031_t030767.jpg,train,synthetic_augmentation,cup,xanylabeling_human_review,2,human_checked,cup_v1,,,2ad70b4f1f6aed8f68f7e5ec5cf28827950857d27270941955716d05494b25ae
aug_0370_cup_v1_032_t032233.jpg,train,synthetic_augmentation,cup,xanylabeling_human_review,2,human_checked,cup_v1,,,a8c42547ecbf02406b0ccc65ecb592a02b4929c82e24a42dad260e84b1291d2e
aug_0371_cup_v2_001_t000767.jpg,train,synthetic_augmentation,cup,xanylabeling_human_review,1,human_checked,cup_v2,,,aa5f6330bbd475c1fbf16162b5eba70f4cf9995d6022deeb9fdfc67d74926290
aug_0372_cup_v2_002_t002767.jpg,train,synthetic_augmentation,cup,xanylabeling_human_review,2,human_checked,cup_v2,,,a923256dd48d10092756c0d824e4887ec9c222382bf1fcb2b773edce30c7587e
aug_0373_cup_v2_003_t003700.jpg,train,synthetic_augmentation,cup,xanylabeling_human_review,2,human_checked,cup_v2,,,a337da3634eaa114d772b65cf795fbf450b527e4473069ee0e97634421aee8b1
aug_0374_cup_v2_006_t007833.jpg,train,synthetic_augmentation,cup,xanylabeling_human_review,2,human_checked,cup_v2,,,0d89f4dd034b36dfec159bcba443612597a185ac3af0da76bcfd29a5cce0f775
aug_0375_cup_v2_007_t008767.jpg,train,synthetic_augmentation,cup,xanylabeling_human_review,2,human_checked,cup_v2,,,a4a763a8433bc9f6d39f66c1358b4b4dc8dea342f09dc6478ae61bff91fa3333
aug_0376_cup_v2_008_t010367.jpg,train,synthetic_augmentation,cup,xanylabeling_human_review,2,human_checked,cup_v2,,,0842fb8c29010f6c10a377601fd4c37ad8d104621ea8176da05baba6afeb5c3d
aug_0377_cup_v2_009_t011433.jpg,train,synthetic_augmentation,cup,xanylabeling_human_review,2,human_checked,cup_v2,,,763d740e87712c6e8f4407e25ecf48f405674da7ae48b4e241b7bb75c7618316
aug_0378_cup_v2_010_t011833.jpg,train,synthetic_augmentation,cup,xanylabeling_human_review,2,human_checked,cup_v2,,,84e048aedbbacef9a9f2f417e81c6d4748893d2bcde2689417ee0e01df92bb85
aug_0379_cup_v2_012_t015033.jpg,train,synthetic_augmentation,cup,xanylabeling_human_review,2,human_checked,cup_v2,,,716d762adcabcfc68a22b02a44d50b828a9d3b1e4d7917fd6619c2202b1206b9
aug_0380_cup_v2_013_t015967.jpg,train,synthetic_augmentation,cup,xanylabeling_human_review,2,human_checked,cup_v2,,,3ada0c03862baa290a439ba557bea7e3f291d1b7bd2fec907be4fe88ad1e72ce
aug_0381_cup_v2_015_t018233.jpg,train,synthetic_augmentation,cup,xanylabeling_human_review,2,human_checked,cup_v2,,,46c77a77a65061ca10f4efdb60498718333d4256d263a455ddc2623d8e580cad
aug_0382_cup_v2_016_t020100.jpg,train,synthetic_augmentation,cup,xanylabeling_human_review,2,human_checked,cup_v2,,,42ae04250cf09f23718a70a6598b9921d1a79bdb08395a598c2781736b91aefa
aug_0383_cup_v2_018_t021700.jpg,train,synthetic_augmentation,cup,xanylabeling_human_review,2,human_checked,cup_v2,,,a5f258fa378baef1a4a9208fdba20f1cbdbe003c53af15196cf24200b9310866
aug_0384_cup_v2_020_t024233.jpg,excluded,synthetic_augmentation,cup,xanylabeling_human_review,1,human_checked,cup_v2,,,d9a97a9229f49660d0cce1f4f2dd66d5a15dfe0b3a3adc49e9c0cecb3d57dabf
aug_0385_cup_v2_021_t025567.jpg,train,synthetic_augmentation,cup,xanylabeling_human_review,1,human_checked,cup_v2,,,5b3b52828e3e50a76006dc78a13c0d7e57615ca8be21b38d9f8dc1045fd2347b
aug_0386_cup_v2_023_t027833.jpg,train,synthetic_augmentation,cup,xanylabeling_human_review,1,human_checked,cup_v2,,,e8fc68760eedd4bd2e73d962978b6ac12f70ed95becd80c4a2ecf3a3036087d9
aug_0387_cup_v2_027_t033033.jpg,train,synthetic_augmentation,cup,xanylabeling_human_review,1,human_checked,cup_v2,,,47585c3c65bbdc3fdd88c242baf952bb761f0eeebbe393e3027b69101054c653
aug_0388_cup_v2_028_t034633.jpg,train,synthetic_augmentation,cup,xanylabeling_human_review,1,human_checked,cup_v2,,,060d7aece5176b63a1e9639c9b68a1405be560838496de7505605e30c824c7b9
aug_0389_cup_v2_029_t035700.jpg,train,synthetic_augmentation,cup,xanylabeling_human_review,1,human_checked,cup_v2,,,9c85ade40849e36fbf13fc6b6936e2cbf9d13b584d9a0afe147fd10d4098bcf1
aug_0390_cup_v2_030_t037567.jpg,train,synthetic_augmentation,cup,xanylabeling_human_review,1,human_checked,cup_v2,,,7f71f0f5c984f13648583857421b43b4130b84841dd4c92536e52479b23c4ba8
aug_0391_cup_v2_031_t037967.jpg,train,synthetic_augmentation,cup,xanylabeling_human_review,1,human_checked,cup_v2,,,7ee1bf81e531dcd86fd2c99096533e89bc84f2a16fe5242d9fca9e4171cfed12
aug_0392_cup_v2_032_t039033.jpg,train,synthetic_augmentation,cup,xanylabeling_human_review,1,human_checked,cup_v2,,,5c1b3de9c644ed2feb0e6790c5354cd6b067682503d32f498a7dfd0a6386f8c0
aug_0393_cup_v3_003_t004100.jpg,excluded,synthetic_augmentation,cup,xanylabeling_human_review,3,human_checked,cup_v3,,,d75ed2373aa0db0fcfe32c49f67f90557d0b25f81b65b24953e4b06f4186a52b
aug_0394_cup_v3_007_t009033.jpg,excluded,synthetic_augmentation,cup,xanylabeling_human_review,1,human_checked,cup_v3,,,250b210f9c0914e14a7ce0ac31958751453073354de48a2f7d03b5b76a023465
aug_0395_cup_v3_009_t010633.jpg,excluded,synthetic_augmentation,cup,xanylabeling_human_review,1,human_checked,cup_v3,,,6e39ed130fff7842a36aa51c84be378b4ed9fb27016c720d44bddbe9f706aff5
aug_0396_cup_v3_010_t011967.jpg,excluded,synthetic_augmentation,cup,xanylabeling_human_review,1,human_checked,cup_v3,,,98160fe02cb0d31e843ac119b2eabfd67cb6509c8b3116bb8d5823a61e991781
aug_0397_cup_v3_011_t013300.jpg,excluded,synthetic_augmentation,cup,xanylabeling_human_review,1,human_checked,cup_v3,,,2be885dab30f901df2a56d8629a8715460ed7f3dd47ec225ab9bd71b6ed6036b
aug_0398_cup_v3_012_t015033.jpg,excluded,synthetic_augmentation,cup,xanylabeling_human_review,1,human_checked,cup_v3,,,a094dac2501679c338199b2aed9a1eaec4839165d79a7ed7d1024f72fb05fe8c
aug_0399_cup_v3_013_t015567.jpg,excluded,synthetic_augmentation,cup,xanylabeling_human_review,1,human_checked,cup_v3,,,d6271c4476c4258a82a168c6a139b4c80f1ca8b3e03a165fd771570554bb8832
aug_0400_cup_v3_014_t016900.jpg,excluded,synthetic_augmentation,cup,xanylabeling_human_review,1,human_checked,cup_v3,,,00da053680322f3867b7100175cff789a21a50ffb18a589c939e74d7ca8f31f1
aug_0401_cup_v3_015_t019167.jpg,excluded,synthetic_augmentation,cup,xanylabeling_human_review,2,human_checked,cup_v3,,,1f77d3a018940b7a2d93464ede98940cab28de2eada77504868eada1e6b4def9
aug_0402_cup_v3_016_t020100.jpg,excluded,synthetic_augmentation,cup,xanylabeling_human_review,2,human_checked,cup_v3,,,c0ef99bf1904050ebef35f1caa3f4c96aaad754099ebbac9d686ec6ea9b729c8
aug_0403_cup_v3_018_t022100.jpg,excluded,synthetic_augmentation,cup,xanylabeling_human_review,2,human_checked,cup_v3,,,d05356ff81b317e794052316b908ff2056e708141dd8116f04530f0c2a59e747
aug_0404_cup_v3_020_t025433.jpg,excluded,synthetic_augmentation,cup,xanylabeling_human_review,2,human_checked,cup_v3,,,09c90ddeb49e398d891c5069622ab15b083bb665bc810e18bbbab1b30abed632
aug_0405_cup_v3_022_t027833.jpg,excluded,synthetic_augmentation,cup,xanylabeling_human_review,2,human_checked,cup_v3,,,4d9731d37ba2ec321e222818d2ee5337822490e1dba4b0e48e52b2721988961f
aug_0406_cup_v3_023_t028767.jpg,excluded,synthetic_augmentation,cup,xanylabeling_human_review,1,human_checked,cup_v3,,,30db62c8e181eaa924859378aa7a3a2711ac1a83b177057dfe469abf65103e86
aug_0407_cup_v3_024_t029300.jpg,excluded,synthetic_augmentation,cup,xanylabeling_human_review,1,human_checked,cup_v3,,,f56e5a41d9d29c70e1c7d94158636a93a4fef163571645e795f32ce6c50993ff
aug_0408_cup_v3_025_t030633.jpg,excluded,synthetic_augmentation,cup,xanylabeling_human_review,2,human_checked,cup_v3,,,384466c0ac06968db89950aed0d0a20bd309da0af522768bbd7780e855430414
aug_0409_cup_v3_026_t031967.jpg,excluded,synthetic_augmentation,cup,xanylabeling_human_review,3,human_checked,cup_v3,,,464e61fd59969f14440326b72969a0c3c2386d9e2e7e79368c42dfe526bc8b77
aug_0410_cup_v3_027_t033300.jpg,excluded,synthetic_augmentation,cup,xanylabeling_human_review,1,human_checked,cup_v3,,,adeda219cbd95fcc2c6f5b2490ce78e6a7f8809e31e5896c5f37dd2fbfbafb6e
aug_0411_cup_v3_028_t035433.jpg,excluded,synthetic_augmentation,cup,xanylabeling_human_review,2,human_checked,cup_v3,,,6b2bcb6d1a1304a4760e8737e5bf456306939e8907c83e1acd5279f4f2ad83f2
aug_0412_cup_v3_029_t036367.jpg,excluded,synthetic_augmentation,cup,xanylabeling_human_review,3,human_checked,cup_v3,,,db81aeba78df8c4a8bdecda79011b346e1803503e8c73887a9836e40d8aa7e8c
aug_0413_cup_v3_030_t037700.jpg,excluded,synthetic_augmentation,cup,xanylabeling_human_review,1,human_checked,cup_v3,,,f349a021d0c99f3ca888f2a5feafe3b3ebc33e33e46aea8a441af10aca2325da
aug_0414_cup_v3_032_t039567.jpg,excluded,synthetic_augmentation,cup,xanylabeling_human_review,2,human_checked,cup_v3,,,c3f36b96606da656a0036a38591a992be81edfee6c480ec41f60fa64714dbba1
aug_0415_cup_video01_0000.jpg,excluded,synthetic_augmentation,cup,xanylabeling_human_review,2,human_checked,cup_video01,,,200c388ae3bc31c135a144f20f62b84f90f41ab42a0b36bb426db6ebc6eed783
aug_0416_cup_video01_0001.jpg,excluded,synthetic_augmentation,cup,xanylabeling_human_review,2,human_checked,cup_video01,,,77502a92d338fdf62f09bf2f0f99fa7826f3b1d08e1cc4b8eef5bbbbf71aefeb
aug_0417_cup_video01_0002.jpg,excluded,synthetic_augmentation,cup,xanylabeling_human_review,3,human_checked,cup_video01,,,2fee4fb2316a750b56a935eeb23bcdbdddc03d48b31e31147a2defedd6ccca19
aug_0418_cup_video01_0003.jpg,excluded,synthetic_augmentation,mouse,xanylabeling_human_review,1,human_checked,cup_video01,,,b0d531956d4b619d55afefc1b5dba8920c2304541d8ecde5eea51b4dee709875
aug_0419_cup_video01_0004.jpg,excluded,synthetic_augmentation,cup,xanylabeling_human_review,2,human_checked,cup_video01,,,fd93a833c31c24b62a4b8179e9932b170b31a47d24f23f7e52b2c3dccb2cc077
aug_0420_cup_video01_0008.jpg,excluded,synthetic_augmentation,cup,xanylabeling_human_review,1,human_checked,cup_video01,,,cf4a14a047626f09c14e0ad17cbf299c508526f848afbe5a9d4c6ce5ef829eb8
aug_0421_cup_video01_0009.jpg,excluded,synthetic_augmentation,cup,xanylabeling_human_review,1,human_checked,cup_video01,,,6a561edebfaaf606148f2754bd8f147f8e51662e9d148332fb7636db65c366be
aug_0422_cup_video01_0010.jpg,excluded,synthetic_augmentation,cup,xanylabeling_human_review,1,human_checked,cup_video01,,,a858e9980a2e82943ace2b9db7dbf191ac702f742c5a9be3adebeec07e35abb9
aug_0423_cup_video01_0011.jpg,excluded,synthetic_augmentation,cup,xanylabeling_human_review,1,human_checked,cup_video01,,,e9e96aec356776d3bf92d80bd06791962e348deacf4b09de05c00cd88066bad3
aug_0424_cup_video01_0012.jpg,excluded,synthetic_augmentation,cup,xanylabeling_human_review,1,human_checked,cup_video01,,,30cdb980671568e33b6ba450e6e09f64ecdfb1fe4a87dccd9c8dfb33333f980b
aug_0425_cup_video01_0013.jpg,excluded,synthetic_augmentation,cup,xanylabeling_human_review,1,human_checked,cup_video01,,,128458183d03bb3cf09d5d105d2c7a2023ace514d69a605b83ee823ea5fb544d
aug_0426_cup_video01_0014.jpg,excluded,synthetic_augmentation,cup,xanylabeling_human_review,1,human_checked,cup_video01,,,006870d0d27fb74b279ff29b02d602cadcf65249104d6720926650f7ca0a513f
aug_0427_cup_video01_0021.jpg,excluded,synthetic_augmentation,cup,xanylabeling_human_review,3,human_checked,cup_video01,,,a92bd93b2641281d0d00ddfdca7f28804ef1df5c0755614cdc5196c667075e2e
aug_0428_cup_video01_0024.jpg,excluded,synthetic_augmentation,cup,xanylabeling_human_review,1,human_checked,cup_video01,,,c74cd519e9e7e9871be6bc9d8c49d40e828ac288bf786c001184ca3025dd203a
aug_0429_cup_video01_0025.jpg,excluded,synthetic_augmentation,cup,xanylabeling_human_review,1,human_checked,cup_video01,,,0a116e74ce12545220d920dfcbd8e7d74106b00ce06b323a30e4dadc61a831c2
aug_0430_cup_video01_0026.jpg,excluded,synthetic_augmentation,cup,xanylabeling_human_review,2,human_checked,cup_video01,,,a860bc0a9058cd42a64b448067d8479ae230adea1cfcad763b2ac9b21e59b5e8
aug_0431_cup_video01_0027.jpg,excluded,synthetic_augmentation,cup,xanylabeling_human_review,2,human_checked,cup_video01,,,e2ced0d2c52526a0b128a11ccd3ffb7d5dadcfa2a4d323e12fd219b5c38f3a62
aug_0432_cup_video01_0028.jpg,excluded,synthetic_augmentation,cup,xanylabeling_human_review,2,human_checked,cup_video01,,,85a9a9020843aecf08ffcc69fb0484a85797d516cb8ac07737651a640dd258df
aug_0433_cup_video01_0029.jpg,excluded,synthetic_augmentation,cup,xanylabeling_human_review,3,human_checked,cup_video01,,,76c90bb374d7067627d0ff21a21b0480736e7d09de3de6fbaac8bda826e41287
aug_0434_cup_video01_0031.jpg,excluded,synthetic_augmentation,cup,xanylabeling_human_review,2,human_checked,cup_video01,,,7ffe0b5fd815fb724247e157280535afa465b8f1f93aa992f4c6f22cd05b50e3
aug_0435_cup_video01_0032.jpg,excluded,synthetic_augmentation,cup,xanylabeling_human_review,1,human_checked,cup_video01,,,b7a7f48b055d499515afb041831b23b0a284ed83c03280e5859a0ad8509e23db
aug_0436_cup_video01_0033.jpg,excluded,synthetic_augmentation,cup,xanylabeling_human_review,1,human_checked,cup_video01,,,f4c5fabf35fd4f8e18a82bcf4123d09321a852dc102c2055676fdf76e67ba7d3
aug_0437_cup_video01_0036.jpg,excluded,synthetic_augmentation,cup,xanylabeling_human_review,2,human_checked,cup_video01,,,614cde920e69dd8c90e375b1acb1650610c62cd09a74f742da68381dc78839de
aug_0438_cup_video01_0037.jpg,excluded,synthetic_augmentation,cup,xanylabeling_human_review,2,human_checked,cup_video01,,,bd2a8f0a72940c5e58886424e9a608bb8bc9a647e131f5e130900e027ada114a
aug_0439_cup_video01_0038.jpg,excluded,synthetic_augmentation,cup,xanylabeling_human_review,2,human_checked,cup_video01,,,ce677cdcf0373b2b07b55a1a476492f69a437c898c82d7ee42a51056de64682b
aug_0440_cup_video01_0041.jpg,excluded,synthetic_augmentation,cup,xanylabeling_human_review,1,human_checked,cup_video01,,,e733f9d50cd1f9be21b6395b5e3e7a78d9a4c4fb382061855fbae53a9e3eb82d
aug_0441_cup_video01_0043.jpg,excluded,synthetic_augmentation,cup,xanylabeling_human_review,2,human_checked,cup_video01,,,132f1e77cbc7194ff899e0fe8fcd25d474589a65f24045cccf045c425de4c9e0
aug_0442_cup_video01_0044.jpg,excluded,synthetic_augmentation,cup,xanylabeling_human_review,1,human_checked,cup_video01,,,e229c66e2aa04dc637f46419379e0761bd12dab4207e25bad10e4dff2b4781de
aug_0443_cup_video01_0045.jpg,excluded,synthetic_augmentation,cup,xanylabeling_human_review,1,human_checked,cup_video01,,,13b86597c75433e55272771dfef1bc02bcce846aa097de5ce73fc8de77da3060
aug_0444_cup_video01_0046.jpg,excluded,synthetic_augmentation,cup,xanylabeling_human_review,1,human_checked,cup_video01,,,d73d637d7358f9dd411fd49fb07f602919264cc41d04ada1710a418791fcf22b
aug_0445_cup_video01_0047.jpg,excluded,synthetic_augmentation,cup,xanylabeling_human_review,1,human_checked,cup_video01,,,0d3f5f7704acf03d1cb9eb00dbe59717059c795a82cbfa38e7d4405fc8ccf215
aug_0446_cup_video01_0051.jpg,excluded,synthetic_augmentation,cup,xanylabeling_human_review,1,human_checked,cup_video01,,,885d6e6e1b13b9a4d3d991d395a11ef24c8e9d5d05d620091599034921bf17c6
aug_0447_cup_video01_0052.jpg,excluded,synthetic_augmentation,cup,xanylabeling_human_review,1,human_checked,cup_video01,,,547c9541bd88ea9097208b41575bdfe4d99696770c3b2b4e5e1390e4c1fc520c
aug_0448_cup_video01_0053.jpg,excluded,synthetic_augmentation,cup,xanylabeling_human_review,1,human_checked,cup_video01,,,5186ec3181e1633b63d3f831d0177e23db726010e81d912a05afada1ba2a1ab9
aug_0449_cup_video01_0054.jpg,excluded,synthetic_augmentation,cup,xanylabeling_human_review,1,human_checked,cup_video01,,,480aa79716279bab305bb6eae22d2ab3abc248c5104e8258347f613fdd1f8f4a
aug_0450_cup_video01_0055.jpg,excluded,synthetic_augmentation,cup,xanylabeling_human_review,1,human_checked,cup_video01,,,f28d245aee03d5daa95ebc471b20e4863e07d3f03301e38361ab23d6746c0449
aug_0451_cup_video01_0056.jpg,excluded,synthetic_augmentation,cup,xanylabeling_human_review,1,human_checked,cup_video01,,,37e4482adc48c357080f520d852106cdb32c51279930c01538f2efaa2a58f258
aug_0452_cup_video01_0057.jpg,excluded,synthetic_augmentation,cup,xanylabeling_human_review,1,human_checked,cup_video01,,,c960d63084247901ab7378377638a0a0d126fbc5217e997e60348bbc543cf1d2
aug_0453_cup_video01_0058.jpg,excluded,synthetic_augmentation,cup,xanylabeling_human_review,1,human_checked,cup_video01,,,d0f7f3d1b4c990ab81af4a57d3c1f84b078e15916fd89cffa426f3289822a454
aug_0454_cup_video01_0059.jpg,excluded,synthetic_augmentation,cup,xanylabeling_human_review,1,human_checked,cup_video01,,,f50cf397aaf12da2bb716dc4bfe9109f182c0032784b53177841e2b2d4c6f70b
aug_0455_cup_video01_0060.jpg,excluded,synthetic_augmentation,cup,xanylabeling_human_review,1,human_checked,cup_video01,,,e7c5b3da7fbedf50291b4909bc8ba8b46f099e21d183aeb74abfe725ea61c706
aug_0456_cup_video01_0062.jpg,excluded,synthetic_augmentation,cup,xanylabeling_human_review,1,human_checked,cup_video01,,,b01be1d1dd78f168b59e735a25b8f8a400ae8b863da58b06993f59b83768dc0e
aug_0457_cup_video01_0063.jpg,excluded,synthetic_augmentation,cup,xanylabeling_human_review,1,human_checked,cup_video01,,,87b067f42052872e9487cbc9e485936013ee71d872599544ca0cafb1bc339e6d
aug_0458_cup_video01_0064.jpg,excluded,synthetic_augmentation,cup,xanylabeling_human_review,1,human_checked,cup_video01,,,8a8a18b3ec6599acb32fe72199f621e25320fe708e2369aec4142f27a231c26b
aug_0459_cup_video01_0065.jpg,excluded,synthetic_augmentation,cup,xanylabeling_human_review,1,human_checked,cup_video01,,,2948bc06a468d307f2dbb1086f2df51c917d2605df8012e597e052cd49d763ac
aug_0460_cup_video01_0066.jpg,excluded,synthetic_augmentation,cup,xanylabeling_human_review,1,human_checked,cup_video01,,,b3d66f55bfbbe96aaa2387eca6d0b0b3e9a121cab8ec77a7eb1cc482ae0279b1
aug_0461_cup_video01_0067.jpg,excluded,synthetic_augmentation,cup,xanylabeling_human_review,1,human_checked,cup_video01,,,56956f4765615d3540d6d97b5369bf14e638dfa4102e0baa8189751dd3850460
aug_0462_cup_video01_0068.jpg,excluded,synthetic_augmentation,cup,xanylabeling_human_review,1,human_checked,cup_video01,,,d667e2dc499961dbb8dda53eab4c5ae81c77ca1f6519f8621eae52456ec69129
aug_0463_cup_video01_0069.jpg,excluded,synthetic_augmentation,cup,xanylabeling_human_review,1,human_checked,cup_video01,,,9f7b85d6bcd20b26523a8253811ffdc36f03315b9eb9d8f8f14b12af60041191
aug_0464_cup_video01_0070.jpg,excluded,synthetic_augmentation,cup,xanylabeling_human_review,1,human_checked,cup_video01,,,682bfe149b6276bd621f3451b0a0061f2a2aeb5b01c8ffd7e555ac70a785c83f
aug_0465_cup_video01_0071.jpg,excluded,synthetic_augmentation,cup,xanylabeling_human_review,1,human_checked,cup_video01,,,b4b6c6abc172b3b8b78c7d36caf770265c212becc658f66eb014dff73403d1a8
aug_0466_cup_video01_0072.jpg,excluded,synthetic_augmentation,cup,xanylabeling_human_review,1,human_checked,cup_video01,,,1c88fb1e7d43263222366a01721c0922752970504f8fc7b074051be4ea32e718
aug_0467_cup_video01_0073.jpg,excluded,synthetic_augmentation,cup,xanylabeling_human_review,1,human_checked,cup_video01,,,53252d75d553c64d69fe08f89d8411270ecf141f609381a4a143d845904cbc91
aug_0468_cup_video01_0074.jpg,excluded,synthetic_augmentation,cup,xanylabeling_human_review,1,human_checked,cup_video01,,,c8650b7ba0f22c358a877f1a367239ee29e16212e8b2f6c97bca26d94b3f2a2b
aug_0469_cup_video01_0075.jpg,excluded,synthetic_augmentation,cup,xanylabeling_human_review,2,human_checked,cup_video01,,,27c7aed2c6337606d2c404a8d3a0ff12f0d024f6ac9989148bf9e23e59c57fcd
aug_0470_cup_video01_0076.jpg,excluded,synthetic_augmentation,cup,xanylabeling_human_review,2,human_checked,cup_video01,,,5bc98035ebba7a4d0c88ec27009b9b5b6d72da945e066bf19b235b2d27501ae6
aug_0471_cup_video01_0077.jpg,excluded,synthetic_augmentation,cup,xanylabeling_human_review,2,human_checked,cup_video01,,,3768749eb3b018a17750804eb3fcb128b3997cce8543f2dc13a50b7dc2fa75a6
aug_0472_cup_video01_0078.jpg,excluded,synthetic_augmentation,cup,xanylabeling_human_review,2,human_checked,cup_video01,,,152ae91ddc10bdd336e7e42c6414a19746f2c9a590a1f2abd6d9e06f89a49192
aug_0473_cup_video01_0081.jpg,excluded,synthetic_augmentation,cup,xanylabeling_human_review,2,human_checked,cup_video01,,,05649b1dc30fd22c6fcadaff7ea5ff95874a4eb1322dddcef90aa98e48604909
aug_0474_cup_video01_0082.jpg,excluded,synthetic_augmentation,cup,xanylabeling_human_review,2,human_checked,cup_video01,,,83eb5eaa1f753b97a54a30e4ffa15f6fc20bdf45010575b38dd43e62b3996fca
aug_0475_cup_video01_0083.jpg,excluded,synthetic_augmentation,cup,xanylabeling_human_review,2,human_checked,cup_video01,,,dcb8f58a7ecac271bccee9b49f4e5368e7f1ba438fdaee4bae4fb9e83211533b
aug_0476_cup_video01_0084.jpg,excluded,synthetic_augmentation,cup,xanylabeling_human_review,2,human_checked,cup_video01,,,8c956ff5d088f43caf5eebb3f1a7eef4e48b45f9721262fc69b874fcd4f6a208
aug_0477_cup_video01_0085.jpg,excluded,synthetic_augmentation,cup,xanylabeling_human_review,2,human_checked,cup_video01,,,11ca5125f35da2af2f30d275bb3495369bd6f7bf92847a0b6e941832464225c0
aug_0478_cup_video01_0086.jpg,excluded,synthetic_augmentation,cup,xanylabeling_human_review,2,human_checked,cup_video01,,,8391fa68b94e5b2887ff80dea530306499f1554e4989266f644f2ff0bffeac15
aug_0479_cup_video01_0087.jpg,excluded,synthetic_augmentation,cup,xanylabeling_human_review,2,human_checked,cup_video01,,,27fd4317dd5c54b01c6c4ea423d970ce2eb45444d6551d6a667e69d6fe22dba2
aug_0480_cup_video01_0088.jpg,excluded,synthetic_augmentation,cup,xanylabeling_human_review,2,human_checked,cup_video01,,,f9317443062ec5ad33861ac7119cb126bbd465ae46cb0f0e4048e2d094cf70fe
aug_0481_cup_video01_0089.jpg,excluded,synthetic_augmentation,cup,xanylabeling_human_review,2,human_checked,cup_video01,,,ba32e2ab35c94561c030867e1dc7541d56dee743969b756dbe8af9f7db73178f
aug_0482_cup_video01_0090.jpg,excluded,synthetic_augmentation,cup,xanylabeling_human_review,2,human_checked,cup_video01,,,ba629ba77662625842d947fc1f6428b396c5696f7f4c99b24fcc601899dc7a60
aug_0483_cup_video01_0091.jpg,excluded,synthetic_augmentation,cup,xanylabeling_human_review,1,human_checked,cup_video01,,,5875b71334c6cab412c1b220b46e3827d322894738108531c7722e5cd5bbd719
aug_0484_cup_video01_0092.jpg,excluded,synthetic_augmentation,cup,xanylabeling_human_review,1,human_checked,cup_video01,,,0288f0f651b28775d341fd9385a4ccfd5f77b2faa1eb4d100cb3002bc1a1a5c0
aug_0485_cup_video01_0093.jpg,excluded,synthetic_augmentation,cup,xanylabeling_human_review,2,human_checked,cup_video01,,,5bae1bf4ef9c97db40e4b55074e1a1b63d6b3545b814ca02f655af4d82c6d096
aug_0486_cup_video01_0094.jpg,excluded,synthetic_augmentation,cup,xanylabeling_human_review,2,human_checked,cup_video01,,,64b011f1bff27a22a5cded3cc84916929183c1e4175e9799657d02b16c2a125e
aug_0487_cup_video01_0095.jpg,excluded,synthetic_augmentation,cup,xanylabeling_human_review,2,human_checked,cup_video01,,,bec62f22e6098b1ef3f93f47ba4ac2c034dd60f2c3ca92b7c7070246ed736cda
aug_0488_cup_video01_0096.jpg,excluded,synthetic_augmentation,cup,xanylabeling_human_review,2,human_checked,cup_video01,,,93067c104482f04cc5a5e0c8f5df15c6f3c284c65a8b159bffad444488a47bca
aug_0489_cup_video01_0097.jpg,excluded,synthetic_augmentation,cup,xanylabeling_human_review,2,human_checked,cup_video01,,,1ead3bab5fc73777daf3ad2046913be8e82ed4b6327acd8c6b899c3898d7f5e7
aug_0490_cup_video01_0098.jpg,excluded,synthetic_augmentation,cup,xanylabeling_human_review,1,human_checked,cup_video01,,,701be55557dd3858d385911b4a56c3f88bec715e557b82ec3845c1a227ffc8ba
aug_0491_cup_video01_0100.jpg,excluded,synthetic_augmentation,cup,xanylabeling_human_review,2,human_checked,cup_video01,,,a7bd447e970845eb0b9c6d31bcf45ce11f0c194b7b2a9d4f291d5cb3b9834d27
aug_0492_cup_video01_0101.jpg,excluded,synthetic_augmentation,cup,xanylabeling_human_review,2,human_checked,cup_video01,,,3e9f4c3b101e12c572e726a767a1a283de892d3cabd997ad6ecbb45b8c633a60
aug_0493_cup_video01_0102.jpg,excluded,synthetic_augmentation,cup,xanylabeling_human_review,1,human_checked,cup_video01,,,c12725c45568f1bb2544cdbb4c7479794a2cae93652b64a741dfaafa378fcddb
aug_0494_cup_video01_0103.jpg,excluded,synthetic_augmentation,cup,xanylabeling_human_review,1,human_checked,cup_video01,,,0a86f8f09e8ad5771cac32a34efa2dfec8b92011e20e5758216182a277ede499
aug_0495_cup_video01_0104.jpg,excluded,synthetic_augmentation,cup,xanylabeling_human_review,1,human_checked,cup_video01,,,f60ccb5173ba164aa88837f9088d2b54c5e861837af9488ccc51facde73d4b1d
aug_0496_cup_video01_0105.jpg,excluded,synthetic_augmentation,cup,xanylabeling_human_review,2,human_checked,cup_video01,,,bd055ab4b08e2d6809978fefa9869d35bdcab92dd33efdea5e0cd8611762b795
aug_0497_cup_video01_0106.jpg,excluded,synthetic_augmentation,cup,xanylabeling_human_review,2,human_checked,cup_video01,,,26084f9a534cc9b7ddec0fbf2607c7954042b39c241ae7acf1fa0cd82be643f8
aug_0498_cup_video01_0107.jpg,excluded,synthetic_augmentation,cup,xanylabeling_human_review,2,human_checked,cup_video01,,,295bd1477a37d735152cd0a36c856cc10759c36842c3bda074d14a9416ca4a16
aug_0499_cup_video01_0108.jpg,excluded,synthetic_augmentation,cup,xanylabeling_human_review,2,human_checked,cup_video01,,,b27de658317912d645a85558abd4ac9e540070740be074e0fbb4ecda48a1ac5d
aug_0500_cup_video01_0109.jpg,excluded,synthetic_augmentation,cup,xanylabeling_human_review,3,human_checked,cup_video01,,,37de4df067f6b4341a35831d1b6b45e179a93f6c36f6aabfb1649923757a3bc6
aug_0501_cup_video01_0111.jpg,excluded,synthetic_augmentation,cup,xanylabeling_human_review,2,human_checked,cup_video01,,,2f3d812a02cae0825129942eba2d2e276efeae201e982ce0c245f2abc19b80b8
aug_0502_cup_video01_0112.jpg,excluded,synthetic_augmentation,cup,xanylabeling_human_review,2,human_checked,cup_video01,,,f1e5fcf7ccb647a6008464fcccd5e0cd084373960064d503dd2781537869ca14
aug_0503_cup_video01_0113.jpg,excluded,synthetic_augmentation,cup,xanylabeling_human_review,2,human_checked,cup_video01,,,e12567e798aee34f2cf37ee0f841db1b38d82070bcd9b9b50cad936752ff9635
aug_0504_cup_video01_0114.jpg,excluded,synthetic_augmentation,cup,xanylabeling_human_review,2,human_checked,cup_video01,,,3b50563be91f6e799c3019962eebc501787d048fd9bdac7dac5198de98e849f7
aug_0505_cup_video01_0115.jpg,excluded,synthetic_augmentation,cup,xanylabeling_human_review,2,human_checked,cup_video01,,,730a07d926cc2291460c15e2e19e38cd74e69b274929bb649bc5bf5230aebf3a
aug_0506_cup_video01_0116.jpg,excluded,synthetic_augmentation,cup,xanylabeling_human_review,1,human_checked,cup_video01,,,af711887e87345403c7c5eb2f3e5a62a711cb7d40df51e60a237b6553a369043
aug_0507_cup_video01_0117.jpg,excluded,synthetic_augmentation,cup,xanylabeling_human_review,1,human_checked,cup_video01,,,87e9f4748c9884326f18c16ae45aeba5c591a0a3b4df92743af38b72284c7202
aug_0508_cup_video01_0118.jpg,excluded,synthetic_augmentation,cup,xanylabeling_human_review,2,human_checked,cup_video01,,,6900ed1dfcac349d6bfa3bfd56d01a6ff2655ebc6d1a0fb57ef074e27040a8bf
aug_0509_cup_video01_0119.jpg,excluded,synthetic_augmentation,cup,xanylabeling_human_review,2,human_checked,cup_video01,,,a0c36bd31764f1455c93bf028b21a1f0358ed6d20da5356436729e8ac40a404b
aug_0510_mouse_v1_001_t000767.jpg,train,synthetic_augmentation,mouse,xanylabeling_human_review,1,human_checked,mouse_v1,,,d222c96fe762b276891d89455b40644416ab159e0946b2650444bb8580ef2240
aug_0511_mouse_v1_003_t004100.jpg,train,synthetic_augmentation,mouse,xanylabeling_human_review,1,human_checked,mouse_v1,,,b77fb58b1e4df861f3b0001d35b6af440d9c03b7c1c96661b63042381b549d6e
aug_0512_mouse_v1_005_t005700.jpg,train,synthetic_augmentation,mouse,xanylabeling_human_review,1,human_checked,mouse_v1,,,c134862bfbac30eda11069f03c5434d1ab3db28c02492af2b2e239f0896c84d5
aug_0513_mouse_v1_006_t007167.jpg,train,synthetic_augmentation,mouse,xanylabeling_human_review,1,human_checked,mouse_v1,,,99d32289f8d0aaebf8c73c95f180b677e1226be29bc1e0bb60d67bcc8404661e
aug_0514_mouse_v1_007_t007967.jpg,train,synthetic_augmentation,mouse,xanylabeling_human_review,1,human_checked,mouse_v1,,,ea29342e084093e8d4fa98678541a764fe83aee82919a4a3df47840b30fc233a
aug_0515_mouse_v1_008_t009033.jpg,train,synthetic_augmentation,mouse,xanylabeling_human_review,1,human_checked,mouse_v1,,,97e56f6cd61a8f95e167b28a2c8bd386764b62129878d5a781fb2b20ccec7dff
aug_0516_mouse_v1_009_t010633.jpg,train,synthetic_augmentation,mouse,xanylabeling_human_review,1,human_checked,mouse_v1,,,7626ece97470c818f4c9f035bd8016a671f05b3b5384a0ca05c3013478f6b6d6
aug_0517_mouse_v1_010_t011300.jpg,train,synthetic_augmentation,mouse,xanylabeling_human_review,1,human_checked,mouse_v1,,,9db3d62bc4003f327db5e1f7177b7e172b30ee4ee9e3989e58137c92fa08ec7c
aug_0518_mouse_v1_012_t013833.jpg,excluded,synthetic_augmentation,mouse,xanylabeling_human_review,1,human_checked,mouse_v1,,,aeb8db87b19a0576538abfe504b8e3017578267113e70821e48555fee7b0ada2
aug_0519_mouse_v1_014_t017167.jpg,excluded,synthetic_augmentation,mouse,xanylabeling_human_review,1,human_checked,mouse_v1,,,d1099134b4bdc3817c4e705ed480b41f17ac1d0f0f41a57aa5a75d197f8a8e90
aug_0520_mouse_v1_017_t020633.jpg,excluded,synthetic_augmentation,mouse,xanylabeling_human_review,1,human_checked,mouse_v1,,,c196548deccd977138cec6caa4bd8b2885461eb77598d365a553e9783e21a6bc
aug_0521_mouse_v1_018_t020900.jpg,train,synthetic_augmentation,mouse,xanylabeling_human_review,1,human_checked,mouse_v1,,,c874a8616ede329bbdba3da85de86f7c08b416936242d74fe29369a7629b3b5b
aug_0522_mouse_v1_019_t023167.jpg,train,synthetic_augmentation,mouse,xanylabeling_human_review,1,human_checked,mouse_v1,,,7b389d2c766e1cf8b12bcdc49a09e95ace0d3e32172dcfaf64b6aa1020f7f9a8
aug_0523_mouse_v1_020_t023967.jpg,train,synthetic_augmentation,mouse,xanylabeling_human_review,1,human_checked,mouse_v1,,,f1c9e2f78c3ad9fd135f8cb8f60fdc86484fba8718ac746d59c4e0864a6717af
aug_0524_mouse_v1_021_t025300.jpg,train,synthetic_augmentation,mouse,xanylabeling_human_review,1,human_checked,mouse_v1,,,e40596bbf17cb1273731c3154291e6ea017010deb120b317619f89a80f659ccc
aug_0525_mouse_v1_023_t027033.jpg,train,synthetic_augmentation,mouse,xanylabeling_human_review,1,human_checked,mouse_v1,,,b119356eb26f6ac409949edcb106d2d877b2f6a546cbe2c2321bc7c348eb8e70
aug_0526_mouse_v1_024_t028367.jpg,excluded,synthetic_augmentation,mouse,xanylabeling_human_review,1,human_checked,mouse_v1,,,16f95298dcc3377c37b02566696811e8e596e10233157d88493424b9cc34c662
aug_0527_mouse_v1_026_t030500.jpg,train,synthetic_augmentation,mouse,xanylabeling_human_review,1,human_checked,mouse_v1,,,ba1e2aed4f117cd70c70050ed3a086aa03ff2582844d2ecef21b14cb5b1b62d7
aug_0528_mouse_v1_027_t031967.jpg,excluded,synthetic_augmentation,mouse,xanylabeling_human_review,1,human_checked,mouse_v1,,,c3bc4e48fd4a92113fd3aab0b82c68a14c807c7034daf6a447040f11d1221a6c
aug_0529_mouse_v1_028_t033433.jpg,excluded,synthetic_augmentation,mouse,xanylabeling_human_review,1,human_checked,mouse_v1,,,6770160d68bb1aefbc57e9d946431def8b285c16283fd63aa603e7e865542296
aug_0530_mouse_v1_029_t034100.jpg,excluded,synthetic_augmentation,mouse,xanylabeling_human_review,1,human_checked,mouse_v1,,,7048d12b1628a06b91e720a1fef30ec2cc0eb13d1e26a2a9ca27c0fb838360e6
aug_0531_mouse_v1_031_t037033.jpg,train,synthetic_augmentation,mouse,xanylabeling_human_review,1,human_checked,mouse_v1,,,2e88ebd1bb9340987b5f3e61db028a9869044e1b3eaf670707868cd16bf87490
aug_0532_mouse_v1_032_t038367.jpg,train,synthetic_augmentation,mouse,xanylabeling_human_review,1,human_checked,mouse_v1,,,e207f3a2694891b978500cd7dc41d8c5b1bee105733a9435babd96e766d76d37
aug_0533_mouse_v2_002_t001833.jpg,train,synthetic_augmentation,mouse,xanylabeling_human_review,1,human_checked,mouse_v2,,,4f974298b0abb76830e71bc56173a675340c91039427320a5ed79ebb73f0566a
aug_0534_mouse_v2_004_t002767.jpg,train,synthetic_augmentation,mouse,xanylabeling_human_review,1,human_checked,mouse_v2,,,d575c9cd5e86bd5240abb62800080f74de2682c61a6bad7253b357f05e87c323
aug_0535_mouse_v2_007_t005033.jpg,train,synthetic_augmentation,mouse,xanylabeling_human_review,1,human_checked,mouse_v2,,,75ec11ac850880377da11acbbf6ac611b461bd5c9575f1e1a22086e197d17805
aug_0536_mouse_v2_008_t006100.jpg,train,synthetic_augmentation,mouse,xanylabeling_human_review,1,human_checked,mouse_v2,,,261cda7ba49e2f0d2119ea4cddc88ffc97f7057b962ecf2c92be3422b29a947c
aug_0537_mouse_v2_010_t007833.jpg,train,synthetic_augmentation,mouse,xanylabeling_human_review,1,human_checked,mouse_v2,,,72a2116cf335fbb20a06314f980415bbc5a4c19f232d99e743eb0c6c69f1e1df
aug_0538_mouse_v2_012_t008900.jpg,train,synthetic_augmentation,mouse,xanylabeling_human_review,1,human_checked,mouse_v2,,,a82e7c1e5562250a51e302f534db33c98dac6f85144cb2e7590b6c778eaa8fa4
aug_0539_mouse_v2_013_t009433.jpg,train,synthetic_augmentation,mouse,xanylabeling_human_review,1,human_checked,mouse_v2,,,e6cb6197d94881283c620d51f164d9d825ae530a796fa6a0468652086f3898f4
aug_0540_mouse_v2_015_t011433.jpg,train,synthetic_augmentation,mouse,xanylabeling_human_review,1,human_checked,mouse_v2,,,c3707379f17f96a10b7d5c9203d2012b120d743ab460a0412e6522388a1b8cd4
aug_0541_mouse_v2_016_t012233.jpg,train,synthetic_augmentation,mouse,xanylabeling_human_review,1,human_checked,mouse_v2,,,69cc038265d119a5b9e7bacf86da8d666dc64a5ee92262f9e21ecd2e828d1695
aug_0542_mouse_v2_017_t012767.jpg,train,synthetic_augmentation,mouse,xanylabeling_human_review,2,human_checked,mouse_v2,,,8d4d661f033774ab278fdabdd97fb98f24d2dd570e071892c07a95795c3cf8dc
aug_0543_mouse_v2_018_t013300.jpg,train,synthetic_augmentation,mouse,xanylabeling_human_review,1,human_checked,mouse_v2,,,4372f203415279e7fedcd3faf5c13ab62680dac5984a6483b470a93d0c397966
aug_0544_mouse_v2_019_t013833.jpg,train,synthetic_augmentation,mouse,xanylabeling_human_review,1,human_checked,mouse_v2,,,b5b7104f61139a77d9c81f649d7451e383df220a24e822f96a5d41eb4ec400b0
aug_0545_mouse_v2_020_t014633.jpg,train,synthetic_augmentation,mouse,xanylabeling_human_review,1,human_checked,mouse_v2,,,61f1c0e47ef64c989b3ddd9f7d8029c19cb39163bd721edb01ab79d948a0a3a5
aug_0546_mouse_v2_022_t016367.jpg,train,synthetic_augmentation,mouse,xanylabeling_human_review,1,human_checked,mouse_v2,,,f1ba84587c20c4debbbcfe50aae516eb368c0e0c06d34fd4d12b49c88d2863c5
aug_0547_mouse_v2_023_t016900.jpg,train,synthetic_augmentation,mouse,xanylabeling_human_review,1,human_checked,mouse_v2,,,72d5367edfc3d6cd61f41c90435f1f86f0def30431046f3bceea3dc36157295b
aug_0548_mouse_v2_024_t017833.jpg,train,synthetic_augmentation,mouse,xanylabeling_human_review,1,human_checked,mouse_v2,,,350749b69c10c7fa0b599f85bdbda661cad0d170dc127048af2368e8e72602f6
aug_0549_mouse_v2_025_t018233.jpg,train,synthetic_augmentation,mouse,xanylabeling_human_review,1,human_checked,mouse_v2,,,3cfb3c119049a2f57e8d1790a7c85c01b918c958363855769d90a9f8e4e66f03
aug_0550_mouse_v2_027_t019833.jpg,train,synthetic_augmentation,mouse,xanylabeling_human_review,2,human_checked,mouse_v2,,,2d30cb36599967197349e7b24fe42d686a8efd530e93a4a969c11c4079334883
aug_0551_mouse_v2_028_t020633.jpg,train,synthetic_augmentation,mouse,xanylabeling_human_review,1,human_checked,mouse_v2,,,91e483bf4adf284305c5d28aa5c6b38624511ebf71aa7e31686da886cfd00149
aug_0552_mouse_v2_030_t022100.jpg,train,synthetic_augmentation,mouse,xanylabeling_human_review,1,human_checked,mouse_v2,,,5d427cdcfb965123ffe4e72ecaa35c5035c01ef262d719407eff1801c9a5ea23
aug_0553_mouse_v2_031_t023300.jpg,train,synthetic_augmentation,mouse,xanylabeling_human_review,1,human_checked,mouse_v2,,,b787c1d73c7c54391d12d7ab2eba4367e865bbd0cedd15008be9145f4cc4f53e
aug_0554_mouse_v2_032_t023833.jpg,train,synthetic_augmentation,mouse,xanylabeling_human_review,1,human_checked,mouse_v2,,,84ce074e1b9dbb082c7fdd3638bde0311958120b55d8c3de5f7760d739df3f9e
aug_0555_mouse_v3_001_t000633.jpg,excluded,synthetic_augmentation,mouse,xanylabeling_human_review,1,human_checked,mouse_v3,,,b7daeeb5f651c90a14527ecf3ab4dea0fdb34d3723167accbe46312c4a71b884
aug_0556_mouse_v3_004_t003833.jpg,excluded,synthetic_augmentation,mouse,xanylabeling_human_review,1,human_checked,mouse_v3,,,052821152b461592fda624e5d8afc83a4d08758fead6f1937f3f09c1877cd9f4
aug_0557_mouse_v3_006_t005567.jpg,excluded,synthetic_augmentation,mouse,xanylabeling_human_review,1,human_checked,mouse_v3,,,8c478d46d29effc8780ba7b1e1403650a842c22159e605b849431af3aea9aa1d
aug_0558_mouse_v3_007_t006633.jpg,excluded,synthetic_augmentation,mouse,xanylabeling_human_review,1,human_checked,mouse_v3,,,bc342306f6a30d1d21839c7b144bf9ad359a1939eb217a65554a916b299cb2b8
aug_0559_mouse_v3_008_t007167.jpg,excluded,synthetic_augmentation,mouse,xanylabeling_human_review,1,human_checked,mouse_v3,,,757f9c7fc666477b8cfa1d7fc3c22a41afd9f992e569e6b7ae5ab7a56ca116d3
aug_0560_mouse_v3_009_t007967.jpg,excluded,synthetic_augmentation,mouse,xanylabeling_human_review,1,human_checked,mouse_v3,,,430698e3a5415c52a9c1c617d07ea877be13a66d9d060ce451a3dc53c813af89
aug_0561_mouse_v3_011_t010500.jpg,excluded,synthetic_augmentation,mouse,xanylabeling_human_review,1,human_checked,mouse_v3,,,a0d637501fd315259ac4b7677bbffbabd2a0c840320750e906a612094e314406
aug_0562_mouse_v3_012_t011433.jpg,excluded,synthetic_augmentation,mouse,xanylabeling_human_review,1,human_checked,mouse_v3,,,302b467eda3b22de9d2a6cabcdb94552d8c996e30cd50833bc7fd0f00dcc7573
aug_0563_mouse_v3_013_t012100.jpg,excluded,synthetic_augmentation,mouse,xanylabeling_human_review,1,human_checked,mouse_v3,,,f877cfb79f0d931cf94016af504612527f7a3317b42bdeb5b09810c2af7f6942
aug_0564_mouse_v3_014_t012900.jpg,excluded,synthetic_augmentation,mouse,xanylabeling_human_review,1,human_checked,mouse_v3,,,6e99c95736fb33a681685ff9690d244dca110c18cf87e1b6076b3bdee3f44a7c
aug_0565_mouse_v3_015_t014100.jpg,excluded,synthetic_augmentation,mouse,xanylabeling_human_review,1,human_checked,mouse_v3,,,f527d8e72800b6879979cdc423cad4b0c46e08f2427816d116e6cb2457a413a2
aug_0566_mouse_v3_019_t017833.jpg,excluded,synthetic_augmentation,mouse,xanylabeling_human_review,1,human_checked,mouse_v3,,,b6e2e08053b234bcfcde1679464c6687e35933d5f260b40f7533a7608bc7f36d
aug_0567_mouse_v3_025_t023300.jpg,excluded,synthetic_augmentation,mouse,xanylabeling_human_review,1,human_checked,mouse_v3,,,f2f40b2f4f55ea324818f59fefa161c037780fd5bde6ce95a8c47390f1fefe10
aug_0568_mouse_v3_026_t024233.jpg,excluded,synthetic_augmentation,mouse,xanylabeling_human_review,1,human_checked,mouse_v3,,,6f54b5c173a4e31436fbf821d1f35a936fe04bfd4531b4a16ecb5dd63515370d
aug_0569_mouse_v3_027_t024633.jpg,excluded,synthetic_augmentation,mouse,xanylabeling_human_review,1,human_checked,mouse_v3,,,01c3f00f27fd2c31ff9d98e52f61580797015ea12cc433a812ca46b3bafa3fd1
aug_0570_mouse_v3_028_t025833.jpg,excluded,synthetic_augmentation,mouse,xanylabeling_human_review,1,human_checked,mouse_v3,,,b7eb07336e4d8149088471723b7f4795783a8a3e5b0bb424d1a7afc6f5fde19a
aug_0571_mouse_v3_029_t026367.jpg,excluded,synthetic_augmentation,mouse,xanylabeling_human_review,1,human_checked,mouse_v3,,,ebc1fbab682c9784991af73d993adf83525673399895d55edba19e4fe3605c70
aug_0572_mouse_v3_030_t027700.jpg,excluded,synthetic_augmentation,mouse,xanylabeling_human_review,1,human_checked,mouse_v3,,,4b9088d00cb723b7097b751d459e5b8a05fa6f348e17881f8e15211d15c3a820
aug_0573_mouse_v3_031_t028500.jpg,excluded,synthetic_augmentation,mouse,xanylabeling_human_review,1,human_checked,mouse_v3,,,d05ba4eacc854e97e5778a1367299aa3cdc46489fc07879cd8a01c212a594b9b
aug_0574_mouse_v3_032_t029033.jpg,excluded,synthetic_augmentation,mouse,xanylabeling_human_review,1,human_checked,mouse_v3,,,661e2435a2cd6620e6106b3ff844dc6b6c32740db0a1bf56cf8bb7f8fa11b64a
aug_0575_mouse_video02_0000.jpg,excluded,synthetic_augmentation,mouse,xanylabeling_human_review,1,human_checked,mouse_video02,,,9fdea83aff9a7243b64e939c266301f709dc122944bdcc7dcdc23d6134a28147
aug_0576_mouse_video02_0001.jpg,excluded,synthetic_augmentation,mouse,xanylabeling_human_review,1,human_checked,mouse_video02,,,6414143886cf839d893c34ee0ff11b8a2f4725f1afefd03f182921de7c5ea40a
aug_0577_mouse_video02_0002.jpg,excluded,synthetic_augmentation,mouse,xanylabeling_human_review,1,human_checked,mouse_video02,,,d5c16b7c184c68144c4bdd8cb688a6e97afe247eb6fc7f0c19e5d6508feecabc
aug_0578_mouse_video02_0003.jpg,excluded,synthetic_augmentation,mouse,xanylabeling_human_review,1,human_checked,mouse_video02,,,41a5d3280dc53a4d191bf7c282ac87ae3249c1f977fa4a1f9cf4deb4b1b5e915
aug_0579_mouse_video02_0004.jpg,excluded,synthetic_augmentation,mouse,xanylabeling_human_review,1,human_checked,mouse_video02,,,be13387f1c478daa54afc73cbe7db57849049988713571683de108c90c270d81
aug_0580_mouse_video02_0005.jpg,excluded,synthetic_augmentation,mouse,xanylabeling_human_review,1,human_checked,mouse_video02,,,d9280792165fca204c8be5a6d7551e59cb294540d9ce064f3615f16bf856984d
aug_0581_mouse_video02_0006.jpg,excluded,synthetic_augmentation,mouse,xanylabeling_human_review,1,human_checked,mouse_video02,,,3e59824b00ea445e3be0708e1652387123e1f6f92aee2e06a553fe37c771fafa
aug_0582_mouse_video02_0007.jpg,excluded,synthetic_augmentation,mouse,xanylabeling_human_review,1,human_checked,mouse_video02,,,5c4d606d9df2fb3863f0db97ab92f3e2f7309b048eb71712f102d8b9d1313a97
aug_0583_mouse_video02_0008.jpg,excluded,synthetic_augmentation,mouse,xanylabeling_human_review,1,human_checked,mouse_video02,,,6c2cf6cbb0621cd8c1c12dc2c512cca44cc369e82f61290a3c43b14b423c2ce6
aug_0584_mouse_video02_0009.jpg,excluded,synthetic_augmentation,mouse,xanylabeling_human_review,1,human_checked,mouse_video02,,,28612f17fd73af23a1d5cc2a24693e4251290c16082ee141dd3393492513d495
aug_0585_mouse_video02_0010.jpg,excluded,synthetic_augmentation,mouse,xanylabeling_human_review,1,human_checked,mouse_video02,,,a01715cd7ec5b870ce0e95f90a5f3dc107a0a6abd79ff452701e4308647947fc
aug_0586_mouse_video02_0011.jpg,excluded,synthetic_augmentation,mouse,xanylabeling_human_review,1,human_checked,mouse_video02,,,72e7211fedada9ff3e9dc997be72f45a20cb89fbf1d9778f29d41bb25e5ea619
aug_0587_mouse_video02_0012.jpg,excluded,synthetic_augmentation,mouse,xanylabeling_human_review,1,human_checked,mouse_video02,,,60566fe16bd6a3a73bd627ea7fe5d6f8af6a256b78068f13b7d142aec370aa93
aug_0588_mouse_video02_0013.jpg,excluded,synthetic_augmentation,mouse,xanylabeling_human_review,1,human_checked,mouse_video02,,,24d9629a2d9c92fc3d84ff07e5ba1da7911f9bbaff820fd8415ee4c6be713830
aug_0589_mouse_video02_0014.jpg,excluded,synthetic_augmentation,mouse,xanylabeling_human_review,1,human_checked,mouse_video02,,,37c0c342018985b50a66d6e344f26fa8cd2e99bf6df003b7e428164a8b9d4235
aug_0590_mouse_video02_0015.jpg,excluded,synthetic_augmentation,mouse,xanylabeling_human_review,1,human_checked,mouse_video02,,,d18f0e0a3414cbd2446873346ded2911bd2548766b331001beec3f2a29f178dd
aug_0591_mouse_video02_0016.jpg,excluded,synthetic_augmentation,mouse,xanylabeling_human_review,1,human_checked,mouse_video02,,,d49d882f25bfd8f777c89b14a7ccee4ef7e0a12038e3c3a2aed2640f256716d6
aug_0592_mouse_video02_0017.jpg,excluded,synthetic_augmentation,mouse,xanylabeling_human_review,1,human_checked,mouse_video02,,,e9d54218b208a9252cc4b01cfb7cbbaef0abbbe7143b6738cdca34818960b7fc
aug_0593_mouse_video02_0018.jpg,excluded,synthetic_augmentation,mouse,xanylabeling_human_review,1,human_checked,mouse_video02,,,d54a927742702e3581e81bd79074c24d015b79b3bb756498f1489fa1a986f4d6
aug_0594_mouse_video02_0019.jpg,excluded,synthetic_augmentation,mouse,xanylabeling_human_review,1,human_checked,mouse_video02,,,abec7cfb5166b4ff5c5e0084f384ac9ed664eae788972664e003fdd312225727
aug_0595_mouse_video02_0020.jpg,excluded,synthetic_augmentation,mouse,xanylabeling_human_review,1,human_checked,mouse_video02,,,6eefceaf22ab85973d25fdd82a9891cd1fd67d6a9b1d438fd85f0618585e66ea
aug_0596_mouse_video02_0021.jpg,excluded,synthetic_augmentation,mouse,xanylabeling_human_review,1,human_checked,mouse_video02,,,669b277c24aa47657035797a8394a5bba89d97201282cd42cb18b23693c34ba4
aug_0597_mouse_video02_0022.jpg,excluded,synthetic_augmentation,mouse,xanylabeling_human_review,1,human_checked,mouse_video02,,,a3d20a93758ebdf081ca29fdc7b7c5506dc618c3e0fdff9c4f35e069809996bc
cup_v1_002_t002100.jpg,train,human_reviewed_original,cup,xanylabeling_human_review,1,human_checked,cup_v1,,,027d01308856742a6a85c9db60c146d88829dcd19fe9d0af92d2d8868da64e14
cup_v1_003_t002767.jpg,train,human_reviewed_original,cup,xanylabeling_human_review,1,human_checked,cup_v1,,,30511605057ca5be6c1c5af14c538508e06ea53351a936942852a9861fcca22d
cup_v1_004_t004233.jpg,train,human_reviewed_original,cup,xanylabeling_human_review,1,human_checked,cup_v1,,,713b83ae8b2044f18ceb48586eaff904826791751f6fa49c133ef3e09d3fde7e
cup_v1_006_t006233.jpg,train,human_reviewed_original,cup,xanylabeling_human_review,1,human_checked,cup_v1,,,2b4c2f09ef82c3566144732c9734e4113f663f6696978aba62df892518eada59
cup_v1_007_t006633.jpg,train,human_reviewed_original,cup,xanylabeling_human_review,1,human_checked,cup_v1,,,e10793c3754c05ba864101e72b15f1b53c4489061e419e48d0facf438029f910
cup_v1_008_t008500.jpg,train,human_reviewed_original,cup,xanylabeling_human_review,1,human_checked,cup_v1,,,42fbe6e0f0637050a446ea4512a0e5b304ca08401dd8187e7c6e8781eda0a7e4
cup_v1_009_t009033.jpg,train,human_reviewed_original,cup,xanylabeling_human_review,1,human_checked,cup_v1,,,7b72657d16040901f98bdd8ea91b13fac3af7a6001641cfd230010dbc3977c80
cup_v1_010_t009833.jpg,train,human_reviewed_original,cup,xanylabeling_human_review,1,human_checked,cup_v1,,,31dcabcbc7105477c032ab60aeb7d58e49c574978ac920cb9e583563db338861
cup_v1_011_t011167.jpg,train,human_reviewed_original,cup,xanylabeling_human_review,1,human_checked,cup_v1,,,fb769434841b412f634c2c4301d89a9799e69b690b6f7bbc48b5fc3c8eb29f7e
cup_v1_012_t011833.jpg,train,human_reviewed_original,cup,xanylabeling_human_review,1,human_checked,cup_v1,,,311383cedf73e24acb3096f4e219e49752b1c0163e1d9c86e7ae43cffe8cd39a
cup_v1_013_t012767.jpg,train,human_reviewed_original,cup,xanylabeling_human_review,1,human_checked,cup_v1,,,81c56437a63f152db029630636d72bb1bf0f5bacb69ddc5b71ad847a9127506d
cup_v1_014_t014367.jpg,train,human_reviewed_original,cup,xanylabeling_human_review,1,human_checked,cup_v1,,,c337ab037fa42431e36b9db9c1534136a3da4d6b68b83a5e769093eb3e46623a
cup_v1_015_t015300.jpg,train,human_reviewed_original,cup,xanylabeling_human_review,2,human_checked,cup_v1,,,3045c9d4ee03e7ebf7fabc05aa9894bd3b7664768700e8cb6a65c53aa9cbb6d7
cup_v1_016_t015700.jpg,train,human_reviewed_original,cup,xanylabeling_human_review,2,human_checked,cup_v1,,,aa245c28c04815d809dd4c51e9e42402005a97c8dd8a8b6c47169958d87b232b
cup_v1_017_t016900.jpg,train,human_reviewed_original,cup,xanylabeling_human_review,2,human_checked,cup_v1,,,2d9fe54402ded1bce62a184bfa5cb7e5b5ddf59860b999b419f57c79b520a137
cup_v1_020_t020100.jpg,train,human_reviewed_original,cup,xanylabeling_human_review,2,human_checked,cup_v1,,,38523c0257a753e3320649f56d8cdf1248bb0b9e06f015d3f5874d3386e8653b
cup_v1_024_t024233.jpg,train,human_reviewed_original,cup,xanylabeling_human_review,2,human_checked,cup_v1,,,9853f73cf2c7a438cde3eaf0393dff750c3fe81cd3a98857aee23f0d18143b87
cup_v1_025_t025300.jpg,train,human_reviewed_original,cup,xanylabeling_human_review,2,human_checked,cup_v1,,,f9ceea666bff681b9960728a5c1da0e6c784f2980515f3245e6b9c7c304c5ab5
cup_v1_026_t026367.jpg,train,human_reviewed_original,cup,xanylabeling_human_review,2,human_checked,cup_v1,,,a98ae04b4546c389b2de42de8754a716f37da8efb2172dd12e670b39c9ff573f
cup_v1_028_t027433.jpg,train,human_reviewed_original,cup,xanylabeling_human_review,2,human_checked,cup_v1,,,f3cbedb2227498af14acd25b8573d21eb1795a1b2e8a7c7ea5f4a9a74cc0ae82
cup_v1_030_t030233.jpg,train,human_reviewed_original,cup,xanylabeling_human_review,2,human_checked,cup_v1,,,426c705cc8404914dd89128b5d817d29522f9dd4f4f1fd3ead367b1d79a43049
cup_v1_031_t030767.jpg,train,human_reviewed_original,cup,xanylabeling_human_review,2,human_checked,cup_v1,,,dd1a48fa338c9b54b663494fa6d035c19d66bf9c0b19e19fcdf24a4428f2c69e
cup_v1_032_t032233.jpg,train,human_reviewed_original,cup,xanylabeling_human_review,2,human_checked,cup_v1,,,cebb5c886c78caeb59ed3cf8099f81ea3d93c0b92e22b59fc349292ba4e4563a
cup_v2_001_t000767.jpg,train,human_reviewed_original,cup,xanylabeling_human_review,3,human_checked,cup_v2,,,024b38e45245afdda2461ea1282eeedd75d63a4fbc7c08de1bd17dc8c9a5a041
cup_v2_002_t002767.jpg,train,human_reviewed_original,cup,xanylabeling_human_review,3,human_checked,cup_v2,,,9fe8f9f725e9caaa746d2ab4a58ffb46ed15b03c026168127d8acf13d2cec7b3
cup_v2_003_t003700.jpg,train,human_reviewed_original,cup,xanylabeling_human_review,2,human_checked,cup_v2,,,08623688b821ba1d8fd98c71b23664248565d740d934c0168d0ce72aae37b402
cup_v2_006_t007833.jpg,train,human_reviewed_original,cup,xanylabeling_human_review,2,human_checked,cup_v2,,,28992e24f5bffe10791e708cb2a114f01df87837e1197a0311fdd75622a58759
cup_v2_007_t008767.jpg,train,human_reviewed_original,cup,xanylabeling_human_review,2,human_checked,cup_v2,,,347a33cd1a7c4f4b3c998d94381beec51f8d6b1a280ffc68a7d696a125d9f677
cup_v2_008_t010367.jpg,train,human_reviewed_original,cup,xanylabeling_human_review,2,human_checked,cup_v2,,,f06391c55c7713a637864a85c03cac6260062932cdad04f5bce0b0480eb3a9a2
cup_v2_009_t011433.jpg,train,human_reviewed_original,cup,xanylabeling_human_review,2,human_checked,cup_v2,,,43f64a1830a3f238720b297699aebae50dc958d3703271eb777a352b9ae43056
cup_v2_010_t011833.jpg,train,human_reviewed_original,cup,xanylabeling_human_review,2,human_checked,cup_v2,,,72bab835a4b1a85664c0425cc62ed4086680c830a8041c6c0c47772259fee18e
cup_v2_012_t015033.jpg,train,human_reviewed_original,cup,xanylabeling_human_review,2,human_checked,cup_v2,,,4a67dcf60aef5824ae9d487057ae06ba766a15fcd3b8f4182b6ba792f98dafd8
cup_v2_013_t015967.jpg,train,human_reviewed_original,cup,xanylabeling_human_review,2,human_checked,cup_v2,,,8f3716c8c6addd528f422aadca6b9e79071412a5f1a911102833169929241b54
cup_v2_015_t018233.jpg,train,human_reviewed_original,cup,xanylabeling_human_review,2,human_checked,cup_v2,,,d84d399ff84a44d7d2bcbb1d5db386109a4b4c0ebc435552e09aee4762ed6c24
cup_v2_016_t020100.jpg,train,human_reviewed_original,cup,xanylabeling_human_review,2,human_checked,cup_v2,,,574cfff73477bf52f8a14ef86546a67cd05cd21ca6ad95cf4e1af344fe690abc
cup_v2_018_t021700.jpg,train,human_reviewed_original,cup,xanylabeling_human_review,2,human_checked,cup_v2,,,ea632219ec4f66bf653514b2df991c5d930377fd31de5e1da2339fd17ccf10b6
cup_v2_020_t024233.jpg,train,human_reviewed_original,cup,xanylabeling_human_review,1,human_checked,cup_v2,,,0f4227962cc7d16886d2d6fee1da500f62c152ff96f902b0e5f37e97ebd7b957
cup_v2_021_t025567.jpg,train,human_reviewed_original,cup,xanylabeling_human_review,1,human_checked,cup_v2,,,ca7b2e6ea4fa1a9fb601693549dd9bd8fa12e3168aa17bbfa847d1e1025f82fa
cup_v2_023_t027833.jpg,train,human_reviewed_original,cup,xanylabeling_human_review,1,human_checked,cup_v2,,,0a9c4f43e03130689139079c0106baa3049bc10888e9593ddaa59d933a040e2b
cup_v2_027_t033033.jpg,train,human_reviewed_original,cup,xanylabeling_human_review,1,human_checked,cup_v2,,,fcab773765c496968860f0fadc354dfc3a05b1778f270b6ca0a4e6f256d97e8f
cup_v2_028_t034633.jpg,train,human_reviewed_original,cup,xanylabeling_human_review,2,human_checked,cup_v2,,,b2c2b96a09c85337729b399a961ad4b1784ccf27f4d6dcda54c012deeca85b13
cup_v2_029_t035700.jpg,train,human_reviewed_original,cup,xanylabeling_human_review,2,human_checked,cup_v2,,,32d1e34e5ad6f950f4577db9a7612879c057b683637e91503662d8af442044fd
cup_v2_030_t037567.jpg,train,human_reviewed_original,cup,xanylabeling_human_review,1,human_checked,cup_v2,,,d57d92d20ede2141d855082807a83e89fa131d59644921de09c65a054d9894a8
cup_v2_031_t037967.jpg,train,human_reviewed_original,cup,xanylabeling_human_review,1,human_checked,cup_v2,,,9b44644b1356e7de4097aa9fba8bb473ef17b9effe2b150675e9bf14e4dbfd03
cup_v2_032_t039033.jpg,train,human_reviewed_original,cup,xanylabeling_human_review,1,human_checked,cup_v2,,,df53f4c8781e02563fc54869d4a0b4fd370685b43d0bc4926e0594ef40ba8f5e
cup_v3_003_t004100.jpg,val,human_reviewed_original,cup,xanylabeling_human_review,3,human_checked,cup_v3,,,9b0e64146cb74f61073488ae696d3d99aaa6e4bd53de22bc58781302800ad8df
cup_v3_007_t009033.jpg,val,human_reviewed_original,cup,xanylabeling_human_review,2,human_checked,cup_v3,,,8c55af55cba2103c592ef38a4a9a6a702f4d2c8e10d52f7519b418c68c74258b
cup_v3_009_t010633.jpg,val,human_reviewed_original,cup,xanylabeling_human_review,2,human_checked,cup_v3,,,51e3a5c507bce596e3b69246ceb484e767e1a40c9890f5a7da3c18219408eedb
cup_v3_010_t011967.jpg,val,human_reviewed_original,cup,xanylabeling_human_review,2,human_checked,cup_v3,,,27b32fcf02a7a40c09588edc71303a5684599c5f23efd95ab58db241bcc5ff3c
cup_v3_011_t013300.jpg,val,human_reviewed_original,cup,xanylabeling_human_review,2,human_checked,cup_v3,,,5c4c84230c9438762135d19d19598175c3619b013110594238b2db09fb8d388a
cup_v3_012_t015033.jpg,val,human_reviewed_original,cup,xanylabeling_human_review,2,human_checked,cup_v3,,,8a22165420499810e6d9b86e4fd0f8c686177393957a86c402b87cbc03537652
cup_v3_013_t015567.jpg,val,human_reviewed_original,cup,xanylabeling_human_review,2,human_checked,cup_v3,,,eefeb731ae0a0f3b9028f1563343b2ffa36aba25d87cee57a48c396f92d5a188
cup_v3_014_t016900.jpg,val,human_reviewed_original,cup,xanylabeling_human_review,2,human_checked,cup_v3,,,02307c7299934385f5087d322f106ca87415c22f3927661f433ba49794064080
cup_v3_015_t019167.jpg,val,human_reviewed_original,cup,xanylabeling_human_review,2,human_checked,cup_v3,,,cde36ec05cd17a5ffd203d693aee641a15ed63610f499a6b84af1bf1580de03c
cup_v3_016_t020100.jpg,val,human_reviewed_original,cup,xanylabeling_human_review,2,human_checked,cup_v3,,,2f60177670e493851e66a95447c89b1fe3c6834b1ffc08bf651ba1880d34e18d
cup_v3_018_t022100.jpg,val,human_reviewed_original,cup,xanylabeling_human_review,2,human_checked,cup_v3,,,42bf5d2bc24a9118b75ecf30cf055d57ed4e7a6345aa54caa94415df94509cce
cup_v3_020_t025433.jpg,val,human_reviewed_original,cup,xanylabeling_human_review,2,human_checked,cup_v3,,,328d1a78557dd0ae2236d0707014024d7f6076d9ca19cf7ce4d90d3d214fa888
cup_v3_022_t027833.jpg,val,human_reviewed_original,cup,xanylabeling_human_review,2,human_checked,cup_v3,,,c6e29cdc10f45f556c9cfacfcfc7f7e665d8b32528a13e60f2040bf7e4b85108
cup_v3_023_t028767.jpg,val,human_reviewed_original,cup,xanylabeling_human_review,1,human_checked,cup_v3,,,7afa9656c605a72e7e961a0d3d752026cc894b838da45ae9075c6ce415246540
cup_v3_024_t029300.jpg,val,human_reviewed_original,cup,xanylabeling_human_review,1,human_checked,cup_v3,,,6637f606ff38836ef50df5b556764900cce07b09863e7c628efeed00ac458970
cup_v3_025_t030633.jpg,val,human_reviewed_original,cup,xanylabeling_human_review,2,human_checked,cup_v3,,,26b09230ba0ae873b4cb8cead87c36c3075839fff8f9acc2b5146b72ddce2a77
cup_v3_026_t031967.jpg,val,human_reviewed_original,cup,xanylabeling_human_review,3,human_checked,cup_v3,,,e340d069221a493bfd3206c4bd1fcd1d81685b6d771925dc8d59423f3715af12
cup_v3_027_t033300.jpg,val,human_reviewed_original,cup,xanylabeling_human_review,1,human_checked,cup_v3,,,ffa2e8520ad2da6a332e9d7c3de4b1f9956219db7482e5273e44c1b1c125afc1
cup_v3_028_t035433.jpg,val,human_reviewed_original,cup,xanylabeling_human_review,2,human_checked,cup_v3,,,d1cf04228aa1560c8442fb324de994dd40cd1172aa11f8667d0f185eaa7d6e8b
cup_v3_029_t036367.jpg,val,human_reviewed_original,cup,xanylabeling_human_review,3,human_checked,cup_v3,,,b11ccf2136413ab23b35e570aca978eb7a2e364c6b86cbb2d5ae37e9551a9c3a
cup_v3_030_t037700.jpg,val,human_reviewed_original,cup,xanylabeling_human_review,1,human_checked,cup_v3,,,402bd9b05837b1adc94705af137cc77c33bd5dfa1884763087552163820a6b6b
cup_v3_032_t039567.jpg,val,human_reviewed_original,cup,xanylabeling_human_review,2,human_checked,cup_v3,,,ad68885111eddafe20bdcbb376c44607b00e3d6100b57c50ecec01a98f7f3898
cup_video01_0000.jpg,test,difficult_video_prelabel,cup,xanylabeling_human_review,2,human_checked,cup_video01,0,0.000,4804bceac7cea453448f877f7228ed9814c81e5569a3f4bf180372fc73b138e9
cup_video01_0001.jpg,test,difficult_video_prelabel,cup,xanylabeling_human_review,2,human_checked,cup_video01,5,0.167,29eeaa59e4d78cf44f402a2f4a2c418d8676f17f770376d0812bbff45244f542
cup_video01_0002.jpg,test,difficult_video_prelabel,mouse,xanylabeling_human_review,1,human_checked,cup_video01,9,0.300,ce02109c91aebc08d7f9c2c82335314afb609717c5093370b2c1cf4706dff599
cup_video01_0003.jpg,test,difficult_video_prelabel,mouse,xanylabeling_human_review,1,human_checked,cup_video01,14,0.467,1d0abfc505a9d52d96a539be97ed6e1a25b7d4844b971a18a741c0d6b76e6bde
cup_video01_0004.jpg,test,difficult_video_prelabel,cup,xanylabeling_human_review,2,human_checked,cup_video01,19,0.633,3f1bcdb4cdf7149098cac33e6e820c7dd010cb66e1564bf542d4c1df0adc30e3
cup_video01_0008.jpg,test,difficult_video_prelabel,cup,xanylabeling_human_review,1,human_checked,cup_video01,38,1.267,369244ce3f9c6ec81e7a29605224d0b5ec2a02dd1a8eef2f85cd3bc942599789
cup_video01_0009.jpg,test,difficult_video_prelabel,cup,xanylabeling_human_review,1,human_checked,cup_video01,43,1.433,eaeae15d481d1d654441f76dda611b72f18d2ee7aa81ad04ca374877ee2b4448
cup_video01_0010.jpg,test,difficult_video_prelabel,cup,xanylabeling_human_review,1,human_checked,cup_video01,47,1.567,4d79827fbc13d8e47b2a448a62c9cbb5ae1518033595a432df4338d7b6a2b025
cup_video01_0011.jpg,test,difficult_video_prelabel,cup,xanylabeling_human_review,1,human_checked,cup_video01,52,1.733,99e61812030a066f31df147ff16c97f67dc6fcbf1ab3780f8f64cba85fa3e155
cup_video01_0012.jpg,test,difficult_video_prelabel,cup,xanylabeling_human_review,1,human_checked,cup_video01,57,1.900,fc3de39596ba7af677d689743ab7954654095f8f5ad70cbb9f0811585951d7d2
cup_video01_0013.jpg,test,difficult_video_prelabel,cup,xanylabeling_human_review,1,human_checked,cup_video01,62,2.067,809c5f5430fcc0753899677350f498d2415fdb7cb304bc34205102f306e33e49
cup_video01_0014.jpg,test,difficult_video_prelabel,cup,xanylabeling_human_review,1,human_checked,cup_video01,66,2.200,aa3c94b30b82a58528cea8cfa7ac63dfbed63e9c1eaa020d22013b93c9c71196
cup_video01_0021.jpg,test,difficult_video_prelabel,cup,xanylabeling_human_review,3,human_checked,cup_video01,100,3.333,d02a18c78b761e7de5f9cd5276f38876145b65f758b9a234096ecafa8787c323
cup_video01_0024.jpg,test,difficult_video_prelabel,cup,xanylabeling_human_review,1,human_checked,cup_video01,114,3.800,d0c9eb63781540d58e0779d9cb4f3c0ebe540cc3a88b54200554b3c5234bd300
cup_video01_0025.jpg,test,difficult_video_prelabel,cup,xanylabeling_human_review,1,human_checked,cup_video01,118,3.933,c4036c882b981d0f0890ffa4887dfc971a0e365a2bcb6a0c967527e8430f8fee
cup_video01_0026.jpg,test,difficult_video_prelabel,cup,xanylabeling_human_review,1,human_checked,cup_video01,123,4.100,b52df06a2c1854ad0b62be18073385f084f16e032f22e50c359594122f036c5c
cup_video01_0027.jpg,test,difficult_video_prelabel,cup,xanylabeling_human_review,1,human_checked,cup_video01,128,4.267,ce2f3d9f39579b119032087b738156c1f9f8b696afdc00271ccfffdd0afcd2c2
cup_video01_0028.jpg,test,difficult_video_prelabel,cup,xanylabeling_human_review,2,human_checked,cup_video01,133,4.433,cb94ee4ee9b2c9b10d71fa9554800b33dca780bd9fb636a1e39f8a2c27697ec9
cup_video01_0029.jpg,test,difficult_video_prelabel,cup,xanylabeling_human_review,3,human_checked,cup_video01,137,4.567,e566cf670751346202247fa10562a59aa689ad80719b652ceff96757ea8660cb
cup_video01_0031.jpg,test,difficult_video_prelabel,cup,xanylabeling_human_review,2,human_checked,cup_video01,147,4.900,82721fa9df4256d1875c412cf1136004749d49734e65db8944868126e9a81841
cup_video01_0032.jpg,test,difficult_video_prelabel,cup,xanylabeling_human_review,1,human_checked,cup_video01,152,5.067,86b67f7511b3878e425f21ecce738e2f5941e89c41f7375c9fc667a85c9c5552
cup_video01_0033.jpg,test,difficult_video_prelabel,cup,xanylabeling_human_review,1,human_checked,cup_video01,156,5.200,e2fd6bea8b381a46c21149c112a0a86f0f41cb95c1fdccfed8ba63111bc101d3
cup_video01_0036.jpg,test,difficult_video_prelabel,cup,xanylabeling_human_review,1,human_checked,cup_video01,171,5.700,667748cf4ca21677fb2ce475914ff8defa18bc2e5129979ed03e3effe480cf9b
cup_video01_0037.jpg,test,difficult_video_prelabel,cup,xanylabeling_human_review,1,human_checked,cup_video01,175,5.833,d9e7897d1dbcd250456d98c95c7a71c471beebf8c59bc92fc9a71b44b224cd8d
cup_video01_0038.jpg,test,difficult_video_prelabel,cup,xanylabeling_human_review,1,human_checked,cup_video01,180,6.000,b1044c4c7a5661ef253ad7fc9a517070fbd243ab337cd53e51d5bbc51a966e2f
cup_video01_0041.jpg,test,difficult_video_prelabel,cup,xanylabeling_human_review,1,human_checked,cup_video01,194,6.467,6a27bad79c150730379871be31cc13268d8188c3b15dbb41183b6377ce0371e9
cup_video01_0043.jpg,test,difficult_video_prelabel,cup,xanylabeling_human_review,2,human_checked,cup_video01,204,6.800,0ff704bfa68c2cc6caf5a901860088c5f4656d8985092078de5120d224d7ef6b
cup_video01_0044.jpg,test,difficult_video_prelabel,cup,xanylabeling_human_review,1,human_checked,cup_video01,209,6.967,cf45865d2096bafbe10cd46c409640983453ee7211dab400f7a9da26cc039e0e
cup_video01_0045.jpg,test,difficult_video_prelabel,cup,xanylabeling_human_review,1,human_checked,cup_video01,213,7.100,e4299eef1ca5d44fd3f07e1d6e1f29d7d168daabd2bc2f0a8b15aac1f2e7762c
cup_video01_0046.jpg,test,difficult_video_prelabel,cup,xanylabeling_human_review,1,human_checked,cup_video01,218,7.267,4a5ab9092c3b7d35ca8ebc9dacc87b04122611cd3e8cf873f35aa892defaf250
cup_video01_0047.jpg,test,difficult_video_prelabel,cup,xanylabeling_human_review,1,human_checked,cup_video01,223,7.433,c70e5ae28a94224370e30dd6380a3711dc43f24247cb3056dfc4fbc4456f8210
cup_video01_0051.jpg,test,difficult_video_prelabel,cup,xanylabeling_human_review,1,human_checked,cup_video01,242,8.067,40db44c739620cd25139fb48105321a1692271728867b1de918d71b7b0676cef
cup_video01_0052.jpg,test,difficult_video_prelabel,cup,xanylabeling_human_review,1,human_checked,cup_video01,246,8.200,61dbaead4a87547dbe3044183cf24ef00ca6fc0ca7fe746e6bfd1acf23b7b50b
cup_video01_0053.jpg,test,difficult_video_prelabel,cup,xanylabeling_human_review,1,human_checked,cup_video01,251,8.367,7b7d77cca9595f23d323690ce1d834729b45b8c5a2504cfe53199e918e975080
cup_video01_0054.jpg,test,difficult_video_prelabel,cup,xanylabeling_human_review,1,human_checked,cup_video01,256,8.533,cd57d9ba958c0179db4fcd3371de4cce91ca432f7fe9af863ade6f719692d987
cup_video01_0055.jpg,test,difficult_video_prelabel,cup,xanylabeling_human_review,1,human_checked,cup_video01,261,8.700,a0bd14987b62f6890c1bdadaade85d73ecf9f9d00c69e3f34f5c5d4104c857a0
cup_video01_0056.jpg,test,difficult_video_prelabel,cup,xanylabeling_human_review,1,human_checked,cup_video01,265,8.833,b8aae37feda345dac6d59e0a7f9670f24c7c9dea87fb4641e30455cd4e4955c4
cup_video01_0057.jpg,test,difficult_video_prelabel,cup,xanylabeling_human_review,1,human_checked,cup_video01,270,9.000,db58f26779fc57b066d6f45f74aed260948d681587f36dc4a96bba7a4f9cd3dc
cup_video01_0058.jpg,test,difficult_video_prelabel,cup,xanylabeling_human_review,1,human_checked,cup_video01,275,9.167,8a46594af74b5f41006d509fe9c93e6a788550fa632638f1075da3cad23cf577
cup_video01_0059.jpg,test,difficult_video_prelabel,cup,xanylabeling_human_review,1,human_checked,cup_video01,280,9.333,3dab3e50dc5a295bf31024054147f2b6b120ff1e6d848af935aeb286c767885f
cup_video01_0060.jpg,test,difficult_video_prelabel,cup,xanylabeling_human_review,1,human_checked,cup_video01,284,9.467,01babaf9c3c82c833656b4890b10c53fd9d00f74f0e89fdd051598cb6de2baa5
cup_video01_0062.jpg,test,difficult_video_prelabel,cup,xanylabeling_human_review,1,human_checked,cup_video01,294,9.800,3f924dfc621304762d785ac1c83d3d6bac7202a3df4aa40eab1f61bead60a6c8
cup_video01_0063.jpg,test,difficult_video_prelabel,cup,xanylabeling_human_review,1,human_checked,cup_video01,299,9.967,229e475f7af1145a9823d54604264f33cdae0d8a22421f86d3e8b779a6eaf799
cup_video01_0064.jpg,test,difficult_video_prelabel,cup,xanylabeling_human_review,1,human_checked,cup_video01,303,10.100,2b5b72e3990194d05f22b9dac7c9d65ff86af99ef0ae0424c6a32d1b67f3021e
cup_video01_0065.jpg,test,difficult_video_prelabel,cup,xanylabeling_human_review,1,human_checked,cup_video01,308,10.267,a88b5d8d0d2ebeb50afd6dcd5657076c9e31645744d58ebaa9cf363e00c010ca
cup_video01_0066.jpg,test,difficult_video_prelabel,cup,xanylabeling_human_review,1,human_checked,cup_video01,313,10.433,abae9cd20cd0d1bb7d31bf0f886839aefe87ed653d5874aaceab50f2bf991e56
cup_video01_0067.jpg,test,difficult_video_prelabel,cup,xanylabeling_human_review,1,human_checked,cup_video01,318,10.600,ebf517d3da12a1f1c0f821b04a060e4350448a8ff804cf69c8ed0e9efd159b25
cup_video01_0068.jpg,test,difficult_video_prelabel,cup,xanylabeling_human_review,1,human_checked,cup_video01,322,10.733,e419f79a8b02634bb56c26d3214008fa0135280e5936bd7861fda760e967f939
cup_video01_0069.jpg,test,difficult_video_prelabel,cup,xanylabeling_human_review,1,human_checked,cup_video01,327,10.900,2d27e4efeec704e82a3d3847b60cd37ea8afa04fe528bed4d3c63833a7766f71
cup_video01_0070.jpg,test,difficult_video_prelabel,cup,xanylabeling_human_review,1,human_checked,cup_video01,332,11.067,9a22ad0c1d06fb0139da34bb18ac3b84411236a0cb10b12f29e3b650e5111a72
cup_video01_0071.jpg,test,difficult_video_prelabel,cup,xanylabeling_human_review,1,human_checked,cup_video01,337,11.233,7c779680311a898f4f8fa309225d5aa84bdda0902db9eee9538f278f5b6d17cf
cup_video01_0072.jpg,test,difficult_video_prelabel,cup,xanylabeling_human_review,1,human_checked,cup_video01,341,11.367,6d8c45ebd0c9ad5dd2363f3f7238ff865a8e96958aa5ff81c5f71da249e6dc9a
cup_video01_0073.jpg,test,difficult_video_prelabel,cup,xanylabeling_human_review,1,human_checked,cup_video01,346,11.533,752768541e635c4a08e67f88e7f034b20ebe9149ef34092cedf605ea1010180e
cup_video01_0074.jpg,test,difficult_video_prelabel,cup,xanylabeling_human_review,1,human_checked,cup_video01,351,11.700,724a89814843adabfa6e1ab032c74208f8bf37ead030c57b88b8b80697e8d156
cup_video01_0075.jpg,test,difficult_video_prelabel,cup,xanylabeling_human_review,2,human_checked,cup_video01,355,11.833,59300e78704c23184da624d416a0e4365b95ce9fe5efc82c271708379d60a4d6
cup_video01_0076.jpg,test,difficult_video_prelabel,cup,xanylabeling_human_review,2,human_checked,cup_video01,360,12.000,52073e246765357aedf927aa2f5dd2f7eee8d23e708d5d340ad7203f942f2627
cup_video01_0077.jpg,test,difficult_video_prelabel,cup,xanylabeling_human_review,2,human_checked,cup_video01,365,12.167,8a8b5c3ee50fc9743aa03d4b60758ae86c6b6932ccdb5d24424edbbacb050bc4
cup_video01_0078.jpg,test,difficult_video_prelabel,cup,xanylabeling_human_review,2,human_checked,cup_video01,370,12.333,6e837b02f9dbbc05a72a1d4de02d52b563123d0ea456fc60901eea0349ee84ed
cup_video01_0081.jpg,test,difficult_video_prelabel,cup,xanylabeling_human_review,2,human_checked,cup_video01,384,12.800,a392dcdf8b19d142609bed38a4807984dd375093db395d93541b972ede016960
cup_video01_0082.jpg,test,difficult_video_prelabel,cup,xanylabeling_human_review,2,human_checked,cup_video01,389,12.967,ae6057c99eac2bc645f817740f80c891964ef605afd9d817887ed964d8b9dbf0
cup_video01_0083.jpg,test,difficult_video_prelabel,cup,xanylabeling_human_review,2,human_checked,cup_video01,393,13.100,f14778bff08e1f9f6c8c77d73206e9b7367b909dc49316c644689d348a8e211d
cup_video01_0084.jpg,test,difficult_video_prelabel,cup,xanylabeling_human_review,2,human_checked,cup_video01,398,13.267,24cf1fcb65cbf923e003d9d23fa04458ae28b81d5b56a8abe949e1c8c5b216cc
cup_video01_0085.jpg,test,difficult_video_prelabel,cup,xanylabeling_human_review,2,human_checked,cup_video01,403,13.433,b41a10fcb97d98157c9af5b1a5d3e524fc5de62f2f0a1efdc8a1d7f740d7823b
cup_video01_0086.jpg,test,difficult_video_prelabel,cup,xanylabeling_human_review,2,human_checked,cup_video01,408,13.600,410de1d8202550275ec85e3e8aefa72e82e4f2adfcc00bd248832434af98965e
cup_video01_0087.jpg,test,difficult_video_prelabel,cup,xanylabeling_human_review,2,human_checked,cup_video01,412,13.733,e8393a14b8d51c4e7e5fe58fb829070d9345f8b5551ea66f597168413653ffe6
cup_video01_0088.jpg,test,difficult_video_prelabel,cup,xanylabeling_human_review,2,human_checked,cup_video01,417,13.900,ea1b83bd632ee3f2d5bd2ab1d8bd4f901ad74bf97783c379991635bba5825893
cup_video01_0089.jpg,test,difficult_video_prelabel,cup,xanylabeling_human_review,2,human_checked,cup_video01,422,14.067,d8704685200b38eec35562e5c92dc97db59ce3d7d6026fc8b9764877e47faf10
cup_video01_0090.jpg,test,difficult_video_prelabel,cup,xanylabeling_human_review,2,human_checked,cup_video01,427,14.233,7cbc4da9eb91b660df4cdb5545dc05955f546897b52faa8373e1980f0d78ed72
cup_video01_0091.jpg,test,difficult_video_prelabel,cup,xanylabeling_human_review,2,human_checked,cup_video01,431,14.367,39beb90fabf5b66dd509061e9c1532d8e9e4ba3d763a23b47b8f4f13ab70593e
cup_video01_0092.jpg,test,difficult_video_prelabel,cup,xanylabeling_human_review,2,human_checked,cup_video01,436,14.533,9e409cc6fa4097a61ba67d4c4634c6162a6f45d7a228779329b4544b0373a8d1
cup_video01_0093.jpg,test,difficult_video_prelabel,cup,xanylabeling_human_review,2,human_checked,cup_video01,441,14.700,2c95910a272506d5f3f1c364e84d64e60a576ad37238a43bac1d968580c01c9f
cup_video01_0094.jpg,test,difficult_video_prelabel,cup,xanylabeling_human_review,2,human_checked,cup_video01,446,14.867,81a75af0d1bd6f46f70a8fc86d4ebb484adb5ae54765790085039b13ec7d4dd4
cup_video01_0095.jpg,test,difficult_video_prelabel,cup,xanylabeling_human_review,2,human_checked,cup_video01,450,15.000,f28d6a4e6acf3eb913953d13e71c6edde0c04d5e7d7e0ba478d10bcc7536becf
cup_video01_0096.jpg,test,difficult_video_prelabel,cup,xanylabeling_human_review,2,human_checked,cup_video01,455,15.167,8e1f8b3d3fa0e27d236d73bac46076c724becffb9fea134384de1aa20378a4a4
cup_video01_0097.jpg,test,difficult_video_prelabel,cup,xanylabeling_human_review,2,human_checked,cup_video01,460,15.333,7475000eb69cfa45c447c44a2423dc2391b0e30407c94322b86f9808d0a0ea8b
cup_video01_0098.jpg,test,difficult_video_prelabel,cup,xanylabeling_human_review,1,human_checked,cup_video01,464,15.467,de21c01431ae2278b059de92aa355301d23546df6620b3de4f11e5d3f7a1853f
cup_video01_0100.jpg,test,difficult_video_prelabel,cup,xanylabeling_human_review,2,human_checked,cup_video01,474,15.800,5bc49042efcbf188874d6ae60aa12be3f93f758f2e6f6ba8aa67f28380140b9e
cup_video01_0101.jpg,test,difficult_video_prelabel,cup,xanylabeling_human_review,2,human_checked,cup_video01,479,15.967,77d89aa7ea03a32d4572e5f760d04672c453473186a35da04169426777ce9026
cup_video01_0102.jpg,test,difficult_video_prelabel,cup,xanylabeling_human_review,1,human_checked,cup_video01,483,16.100,e8d441f08b748090674f67f628d0d5db4b5b64753932112cad623542f5c8a35b
cup_video01_0103.jpg,test,difficult_video_prelabel,cup,xanylabeling_human_review,1,human_checked,cup_video01,488,16.267,312d7e4716ac7882ca9f04e8cd6ed16ae79eeefb603c9786ea225ff30a2ee95b
cup_video01_0104.jpg,test,difficult_video_prelabel,cup,xanylabeling_human_review,1,human_checked,cup_video01,493,16.433,9d384c4ba2c12383c51f346b57670ee842cd9cad34d7d8770e85d62a81f2bf86
cup_video01_0105.jpg,test,difficult_video_prelabel,cup,xanylabeling_human_review,1,human_checked,cup_video01,498,16.600,691e0e79a24587a8b1e5ab23cd6f9a5b272e17d47cc7f4b9132f3524a0c3ed1b
cup_video01_0106.jpg,test,difficult_video_prelabel,cup,xanylabeling_human_review,2,human_checked,cup_video01,502,16.733,91b5269f5c778ca9c41dacfbfb4d612f72562f3f6d4ca6690e3fa21275d8ccad
cup_video01_0107.jpg,test,difficult_video_prelabel,cup,xanylabeling_human_review,2,human_checked,cup_video01,507,16.900,1c729f6ee9bdf3aa14a8bf252d0e3ad1ca59623a02897c9938969b1cb443c10d
cup_video01_0108.jpg,test,difficult_video_prelabel,cup,xanylabeling_human_review,2,human_checked,cup_video01,512,17.067,c7e2822428b847c703aa2822f0eb175b347bf1a5093b5146fdb799751ad8ba43
cup_video01_0109.jpg,test,difficult_video_prelabel,cup,xanylabeling_human_review,2,human_checked,cup_video01,517,17.233,537e72a7ad543faafecb69ad6cc46b3cb33018c7973703e574893cfd3d948b3a
cup_video01_0111.jpg,test,difficult_video_prelabel,cup,xanylabeling_human_review,1,human_checked,cup_video01,526,17.533,88153acfaed7bd932bd8e584f0eea24ce3c921dd23a3e9329c63bec0d7dd8c53
cup_video01_0112.jpg,test,difficult_video_prelabel,cup,xanylabeling_human_review,2,human_checked,cup_video01,531,17.700,2a932f41df22fcef78cd898b4e22f978fbf01ff8f87bc2c2f26eb39e3f4d1af9
cup_video01_0113.jpg,test,difficult_video_prelabel,cup,xanylabeling_human_review,2,human_checked,cup_video01,536,17.867,8b54f33d52e68f0876d6c722f1a3e45d13711ca573151138df2a53777b64ccf5
cup_video01_0114.jpg,test,difficult_video_prelabel,cup,xanylabeling_human_review,2,human_checked,cup_video01,540,18.000,0450bf5327ee30f0c8940f526b35f2871af2260eeb0dbbabf44d22e52edcaf77
cup_video01_0115.jpg,test,difficult_video_prelabel,cup,xanylabeling_human_review,2,human_checked,cup_video01,545,18.167,5d36f80c3328384bee57cba430d959f02dd7436167a589c3e26c42e8ad23770c
cup_video01_0116.jpg,test,difficult_video_prelabel,cup,xanylabeling_human_review,1,human_checked,cup_video01,550,18.333,aaf3dec5bc2b3884c3366dd965a3cfd83ce1de7125ac279cbf1835d5ff05af16
cup_video01_0117.jpg,test,difficult_video_prelabel,cup,xanylabeling_human_review,1,human_checked,cup_video01,555,18.500,73917d5ccb689cd50fa793a24833961233242c641e7b41f49334a4ca74f4683c
cup_video01_0118.jpg,test,difficult_video_prelabel,cup,xanylabeling_human_review,1,human_checked,cup_video01,559,18.633,2024beae76f87af5cf67982209b3fefcb995fabf097325259847313e0c7e6cf1
cup_video01_0119.jpg,test,difficult_video_prelabel,cup,xanylabeling_human_review,2,human_checked,cup_video01,564,18.800,796bc85397de7e57445f3e624a1ed12d66837d7c86481bdaf857859eb1cef2ba
mouse_v1_001_t000767.jpg,train,human_reviewed_original,mouse,xanylabeling_human_review,1,human_checked,mouse_v1,,,cb46fa67ff230975aca066b0391977d5a179d4f9f1844108441443e656edb304
mouse_v1_003_t004100.jpg,train,human_reviewed_original,mouse,xanylabeling_human_review,1,human_checked,mouse_v1,,,7445eefc71981dc0ce4da6983330b8cec0a58ec5c6a4b87e0a37187e9ad162d7
mouse_v1_005_t005700.jpg,train,human_reviewed_original,mouse,xanylabeling_human_review,1,human_checked,mouse_v1,,,c9dba3c4d5f6c36063c7c92f483b72c4a9846e13408788e203bc38c66d7bb485
mouse_v1_006_t007167.jpg,train,human_reviewed_original,mouse,xanylabeling_human_review,1,human_checked,mouse_v1,,,722897994d6e2cf58eea84bc305b47562ea7f76c29622a03edca131d53232603
mouse_v1_007_t007967.jpg,train,human_reviewed_original,mouse,xanylabeling_human_review,1,human_checked,mouse_v1,,,0b1d6206bf237a246220024b351958ba3135f8cba9c2a1eb8984303388738cca
mouse_v1_008_t009033.jpg,train,human_reviewed_original,mouse,xanylabeling_human_review,1,human_checked,mouse_v1,,,41a76153cc848d5a57e34193d2f51e1c83adcf6ed7090758ca0d09c25e6e110b
mouse_v1_009_t010633.jpg,train,human_reviewed_original,mouse,xanylabeling_human_review,1,human_checked,mouse_v1,,,78fb7b878185a6a91d977ff2c6aff99224fcf452102fbd7765798d59ce13f8b6
mouse_v1_010_t011300.jpg,train,human_reviewed_original,mouse,xanylabeling_human_review,1,human_checked,mouse_v1,,,4f22f7d8245a0338b3bed0b88f0aca3d4c292d62e4cd18bdc1ad7a9af90f11d3
mouse_v1_012_t013833.jpg,excluded,human_reviewed_original,mouse,xanylabeling_human_review,1,human_checked,mouse_v1,,,73577e4b7ff064e4fe0f8eb9d62d69dd8aea0ceff736644e7db55fbd09c5a2b9
mouse_v1_014_t017167.jpg,excluded,human_reviewed_original,mouse,xanylabeling_human_review,1,human_checked,mouse_v1,,,02761eb06139ec84b5ce8297200fbac86c9df4261868c693d5e0fb18582578ab
mouse_v1_017_t020633.jpg,excluded,human_reviewed_original,mouse,xanylabeling_human_review,1,human_checked,mouse_v1,,,db09b8195b5dc8cc07e0592db7d643da52f798fd3edf23737e1c48f20c1e811e
mouse_v1_018_t020900.jpg,train,human_reviewed_original,mouse,xanylabeling_human_review,1,human_checked,mouse_v1,,,54074439b9b30bb1d3307189609ee3d54e30683eae428c91ff4c7e8471fea67a
mouse_v1_019_t023167.jpg,train,human_reviewed_original,mouse,xanylabeling_human_review,1,human_checked,mouse_v1,,,17a6315a99a4f80ec378a3af403ad4e3e4eedfe92e31f7a6181f8df176ca0493
mouse_v1_020_t023967.jpg,train,human_reviewed_original,mouse,xanylabeling_human_review,1,human_checked,mouse_v1,,,6321fd122096ddb713e0effc5096670740feac325c4251be5e7b030ab7abe341
mouse_v1_021_t025300.jpg,train,human_reviewed_original,mouse,xanylabeling_human_review,1,human_checked,mouse_v1,,,73eec83caedd3007315e28a4929d7683620c7ebf229d6645ddcd350fda42cfdd
mouse_v1_023_t027033.jpg,train,human_reviewed_original,mouse,xanylabeling_human_review,1,human_checked,mouse_v1,,,2bbca9b1bc4c11b409ac5e1c268420eb79250e8b1d180cdafeffbe35ae72a2b1
mouse_v1_024_t028367.jpg,train,human_reviewed_original,mouse,xanylabeling_human_review,1,human_checked,mouse_v1,,,f7c06089ae395196d73fa48413824027fb741c46059ed30d579746973f70b21e
mouse_v1_026_t030500.jpg,train,human_reviewed_original,mouse,xanylabeling_human_review,1,human_checked,mouse_v1,,,2f6e919b2942f2db46589952b5e4dfdee2cd642261ba44f6562b790f116db31a
mouse_v1_027_t031967.jpg,excluded,human_reviewed_original,mouse,xanylabeling_human_review,1,human_checked,mouse_v1,,,5732b0535f791fa28888c6dd626e724916ae7bd7c72c0c4973a3799b11a82c06
mouse_v1_028_t033433.jpg,excluded,human_reviewed_original,mouse,xanylabeling_human_review,1,human_checked,mouse_v1,,,f6e4a2412d72c8eed36c118b7647ec110fc1bd9769eb7bc582e212703f98912f
mouse_v1_029_t034100.jpg,excluded,human_reviewed_original,mouse,xanylabeling_human_review,1,human_checked,mouse_v1,,,b2575c8460fd187745ac57e46c9e5daf8f1a3fbf43b9a9c0431d04411edd4068
mouse_v1_031_t037033.jpg,train,human_reviewed_original,mouse,xanylabeling_human_review,1,human_checked,mouse_v1,,,416a0d1f3fdbf1f129d224e2a11b513917c25bc3cf99b59208f4594c720d60eb
mouse_v1_032_t038367.jpg,train,human_reviewed_original,mouse,xanylabeling_human_review,1,human_checked,mouse_v1,,,2f1fd9dd79828326848101798dde98d321fd2fb4250f102229c956100348e9e2
mouse_v2_002_t001833.jpg,train,human_reviewed_original,mouse,xanylabeling_human_review,1,human_checked,mouse_v2,,,264dec160f6e0cfebc4348469b30ac748698473aa190e6fa60ef02918dde307f
mouse_v2_004_t002767.jpg,train,human_reviewed_original,mouse,xanylabeling_human_review,1,human_checked,mouse_v2,,,c41e8712793e85567baddbb674a09c6f67c9029b578e474cfc8b20cb43143df1
mouse_v2_007_t005033.jpg,train,human_reviewed_original,mouse,xanylabeling_human_review,1,human_checked,mouse_v2,,,13f0df2af3d3bd6350920d1928c00bd18c3141204698554ae1abc27cc906c1ad
mouse_v2_008_t006100.jpg,train,human_reviewed_original,mouse,xanylabeling_human_review,1,human_checked,mouse_v2,,,6f37b7e026fa80a07d098b822b654552cb77d4799f4d6205630a3a6401400a3e
mouse_v2_010_t007833.jpg,train,human_reviewed_original,mouse,xanylabeling_human_review,1,human_checked,mouse_v2,,,94ed703e3e94e34937fe65729632bc2808f4ef2fa3bd4250d7f865854eba0e06
mouse_v2_012_t008900.jpg,train,human_reviewed_original,mouse,xanylabeling_human_review,1,human_checked,mouse_v2,,,d0758aca551662d2329f8de72f9c9c2ba3ac06e3f60e0e4621463a1e8b0f0841
mouse_v2_013_t009433.jpg,train,human_reviewed_original,mouse,xanylabeling_human_review,1,human_checked,mouse_v2,,,a843232ba379d037b84596dea51ae6e2e0f7884d25e4319adedf46b1943b13e9
mouse_v2_015_t011433.jpg,train,human_reviewed_original,mouse,xanylabeling_human_review,1,human_checked,mouse_v2,,,0a3822d83a6e7ac075cb5999ddd3616db574214db375f1c710a156fb89b674e3
mouse_v2_016_t012233.jpg,train,human_reviewed_original,mouse,xanylabeling_human_review,1,human_checked,mouse_v2,,,ca029ca0cfc3c3adbc97dae9256a151ea077e5f2ec9ba5852cbd8adbee54017a
mouse_v2_017_t012767.jpg,train,human_reviewed_original,mouse,xanylabeling_human_review,2,human_checked,mouse_v2,,,2b9b855b593141bf6d3d55595550cae5e0d392c18d414076830eaf4ae4671475
mouse_v2_018_t013300.jpg,train,human_reviewed_original,mouse,xanylabeling_human_review,1,human_checked,mouse_v2,,,9c004bf2639e1cb73759abcd285e0fc9db28686b28e4bd43e8dba0a22e66858c
mouse_v2_019_t013833.jpg,train,human_reviewed_original,mouse,xanylabeling_human_review,1,human_checked,mouse_v2,,,a695df5a786b4a0335f8a42e4ddbb1bd974175c766e5f272c8c329019ceb642c
mouse_v2_020_t014633.jpg,train,human_reviewed_original,mouse,xanylabeling_human_review,1,human_checked,mouse_v2,,,e0f1602e9e23b82b57ebdc2fb9611202e9f43707d65fc02b0d3a3ab2acf06653
mouse_v2_022_t016367.jpg,train,human_reviewed_original,mouse,xanylabeling_human_review,1,human_checked,mouse_v2,,,02fcd1510b86b0c916eeae4388dfdba449ba26c8f9a11e4c915eeeffc0a90ce7
mouse_v2_023_t016900.jpg,train,human_reviewed_original,mouse,xanylabeling_human_review,1,human_checked,mouse_v2,,,499e4d9351af58ae17e4d2dad747ff3dce53ddf90330c8147d7121b7cc7b6ad7
mouse_v2_024_t017833.jpg,train,human_reviewed_original,mouse,xanylabeling_human_review,1,human_checked,mouse_v2,,,feb9e885733a661548abdcb760edecd19b911b46f86519b914b3d4cfcf88f3a4
mouse_v2_025_t018233.jpg,train,human_reviewed_original,mouse,xanylabeling_human_review,1,human_checked,mouse_v2,,,8ce4a9f00fd9943df63da27816d9942bbeb8c08e417bc842be521a52bedcb3a8
mouse_v2_027_t019833.jpg,train,human_reviewed_original,mouse,xanylabeling_human_review,2,human_checked,mouse_v2,,,30a687654126b15be5a4648dd312d392c1f15e0f0448f6dd73efdfe16132eca9
mouse_v2_028_t020633.jpg,train,human_reviewed_original,mouse,xanylabeling_human_review,1,human_checked,mouse_v2,,,342f21c73ce15958b88600ae51c30ae7e76d810490346a83d1672848b173f0b4
mouse_v2_030_t022100.jpg,train,human_reviewed_original,mouse,xanylabeling_human_review,1,human_checked,mouse_v2,,,43e35b874ee7e89075e3ce40895bf2602a1df1894b65d7fa5ebc5194a9325730
mouse_v2_031_t023300.jpg,train,human_reviewed_original,mouse,xanylabeling_human_review,1,human_checked,mouse_v2,,,1d80053038350575aff7de89d753ddb3cdbda8fd9857efe2bad07fa720448f16
mouse_v2_032_t023833.jpg,train,human_reviewed_original,mouse,xanylabeling_human_review,1,human_checked,mouse_v2,,,136c74eca4ee242391bb43b1e88fd804da86a7f53f7a7837872d2ed459f540a8
mouse_v3_001_t000633.jpg,val,human_reviewed_original,mouse,xanylabeling_human_review,1,human_checked,mouse_v3,,,4dd32b59f8cb52767ea9eedba0debdb26d144e6af709d180b43088c9713573c7
mouse_v3_004_t003833.jpg,val,human_reviewed_original,mouse,xanylabeling_human_review,1,human_checked,mouse_v3,,,0e53492980fade6bef99ca72411d3e9c6763b918cea9c4926bad178143d41137
mouse_v3_006_t005567.jpg,val,human_reviewed_original,mouse,xanylabeling_human_review,1,human_checked,mouse_v3,,,95620693b090fe7564454cd9b6cccbada2fbbb6bfdb4d81b3d9bde84cf059715
mouse_v3_007_t006633.jpg,val,human_reviewed_original,mouse,xanylabeling_human_review,1,human_checked,mouse_v3,,,6bc395f50d1010a79086a17ed04eb535938867c2ee671300d2a579e1970aa222
mouse_v3_008_t007167.jpg,val,human_reviewed_original,mouse,xanylabeling_human_review,1,human_checked,mouse_v3,,,e097aa02b8d67cf868d15150e913deecc94fcb430edc5501e2e6011c2f0402b8
mouse_v3_009_t007967.jpg,val,human_reviewed_original,mouse,xanylabeling_human_review,1,human_checked,mouse_v3,,,2d2e74b0d550d3ed0ced919ac8c5e3b3eb903bf554ab46350c51ae8a42018158
mouse_v3_011_t010500.jpg,val,human_reviewed_original,mouse,xanylabeling_human_review,1,human_checked,mouse_v3,,,33063e37e7691fc400b389edaa53edb47f71b39632171bea618c5bb50fa49da4
mouse_v3_012_t011433.jpg,val,human_reviewed_original,mouse,xanylabeling_human_review,1,human_checked,mouse_v3,,,bb7e9fc4d8f4200f6360c3ffa022af9ac781b332359adba7b859bc7f28066213
mouse_v3_013_t012100.jpg,val,human_reviewed_original,mouse,xanylabeling_human_review,1,human_checked,mouse_v3,,,beda45a4936523e5902c31aa96136f4d96639d29317c5244483814c4ebfe947b
mouse_v3_014_t012900.jpg,val,human_reviewed_original,mouse,xanylabeling_human_review,1,human_checked,mouse_v3,,,28158af0ce2b791d0220fdbe15b882ce20867c83014c7a3ebdc605ee7005cad6
mouse_v3_015_t014100.jpg,val,human_reviewed_original,mouse,xanylabeling_human_review,1,human_checked,mouse_v3,,,5fdfde07c5bda3abbabbd9c968009ce0e512a3cf268e305641abc254ad1c555d
mouse_v3_019_t017833.jpg,val,human_reviewed_original,mouse,xanylabeling_human_review,1,human_checked,mouse_v3,,,c5518836c640c1666f5690311772a7cee76c8ac2ada1e1434ab5c3393ca34ebc
mouse_v3_025_t023300.jpg,val,human_reviewed_original,mouse,xanylabeling_human_review,1,human_checked,mouse_v3,,,db862687920c13e96d3524830311b9dc8fd95a2d2ca7df079b0852be50e88561
mouse_v3_026_t024233.jpg,val,human_reviewed_original,mouse,xanylabeling_human_review,1,human_checked,mouse_v3,,,ee999d59e4af5623d2cbec584629853694e188878858429a3588143128e406be
mouse_v3_027_t024633.jpg,val,human_reviewed_original,mouse,xanylabeling_human_review,1,human_checked,mouse_v3,,,6000589247859c9e3e676eaa7dac52be4dc0fa0b20851e1801a3d93557aee776
mouse_v3_028_t025833.jpg,val,human_reviewed_original,mouse,xanylabeling_human_review,1,human_checked,mouse_v3,,,711d13fa071d119efd300a5b9121670d2bbd9865f105767edefa593270426153
mouse_v3_029_t026367.jpg,val,human_reviewed_original,mouse,xanylabeling_human_review,1,human_checked,mouse_v3,,,43200884c7d81ebc72d41090fcd384d87f7b10d9f77dd865e9340314017e882f
mouse_v3_030_t027700.jpg,val,human_reviewed_original,mouse,xanylabeling_human_review,1,human_checked,mouse_v3,,,dc170bec892992c31a27b09200d46a7288ee3c821aa5d9e84084a17c4c08b1d2
mouse_v3_031_t028500.jpg,val,human_reviewed_original,mouse,xanylabeling_human_review,1,human_checked,mouse_v3,,,542201a426a57a455867da733fd9554f3530c9ce35df700d4142670cb91fb0b8
mouse_v3_032_t029033.jpg,val,human_reviewed_original,mouse,xanylabeling_human_review,1,human_checked,mouse_v3,,,76066cbd56d87d31c18a0f366a95f10372cb916cf67509e1eb14f403123dbf07
mouse_video02_0000.jpg,test,difficult_video_prelabel,mouse,xanylabeling_human_review,1,human_checked,mouse_video02,0,0.000,5990a82fb79d737b0e9d38c803642e5e4f29353facc6c9a6be228d95b6beacd8
mouse_video02_0001.jpg,test,difficult_video_prelabel,mouse,xanylabeling_human_review,1,human_checked,mouse_video02,3,0.100,17aa5596b9af32e96791db15bbc69e22b2fe5bed21184830e7d670f695c22cca
mouse_video02_0002.jpg,test,difficult_video_prelabel,mouse,xanylabeling_human_review,1,human_checked,mouse_video02,6,0.200,8c152c2478ff755bf831aec81f71a6206488ec967216f49616a32dbd3e367eb9
mouse_video02_0003.jpg,test,difficult_video_prelabel,mouse,xanylabeling_human_review,1,human_checked,mouse_video02,9,0.300,54f009a66b09605dd7048e011e6453c395111ac4835839ea2766b8bf15ccd5b4
mouse_video02_0004.jpg,test,difficult_video_prelabel,mouse,xanylabeling_human_review,1,human_checked,mouse_video02,12,0.400,7a1afd477e4c306e3c2312e78c4ec2174913272cf9d2b5616a8c5191ab1f5899
mouse_video02_0005.jpg,test,difficult_video_prelabel,mouse,xanylabeling_human_review,1,human_checked,mouse_video02,15,0.500,308f0311de5e97439b35f35b521144ce57b93a4a9781a818886703fea048193c
mouse_video02_0006.jpg,test,difficult_video_prelabel,mouse,xanylabeling_human_review,1,human_checked,mouse_video02,18,0.600,3a94e00b09113697130b7fded07b9e2ea5ea61faec85f66089000e5a91932e39
mouse_video02_0007.jpg,test,difficult_video_prelabel,mouse,xanylabeling_human_review,1,human_checked,mouse_video02,21,0.700,beba160d1a94017b42a6c762c49c0595229979b335081b337ff1454cbd27cef8
mouse_video02_0008.jpg,test,difficult_video_prelabel,mouse,xanylabeling_human_review,1,human_checked,mouse_video02,24,0.800,13d271ce636a43ddb201643526558d29457df4358dc5b033fd25af5ac2ee9d82
mouse_video02_0009.jpg,test,difficult_video_prelabel,mouse,xanylabeling_human_review,1,human_checked,mouse_video02,27,0.900,dafb63db386b69f72cb297909e797d636124e3bf9bf1b33fc122cc13a76785a2
mouse_video02_0010.jpg,test,difficult_video_prelabel,mouse,xanylabeling_human_review,1,human_checked,mouse_video02,31,1.033,535c6550d00c7cd5eb68add03ccde3b3a0ae1030255ac3cd5739f3d5e6ad1880
mouse_video02_0011.jpg,test,difficult_video_prelabel,mouse,xanylabeling_human_review,1,human_checked,mouse_video02,34,1.133,2ddfae8699fc4c6300df0eceb3491f1e576cab0fef000c21baaa3d95b9111ea3
mouse_video02_0012.jpg,test,difficult_video_prelabel,mouse,xanylabeling_human_review,1,human_checked,mouse_video02,37,1.233,8975e81d4ec0f591f0186c2a7665dfd96b6e6c047c352b7727f7bfdcd30155c4
mouse_video02_0013.jpg,test,difficult_video_prelabel,mouse,xanylabeling_human_review,1,human_checked,mouse_video02,40,1.333,ec9c451e723c7bae1e5a392d6de0c2ec22aa7b5ba3dcbbb8e7a5e2e4d133fe89
mouse_video02_0014.jpg,test,difficult_video_prelabel,mouse,xanylabeling_human_review,1,human_checked,mouse_video02,43,1.433,d9ec03a1b42b2521852fdab6b49475b97119188b35eae1f2e3c2a64adcccba78
mouse_video02_0015.jpg,test,difficult_video_prelabel,mouse,xanylabeling_human_review,1,human_checked,mouse_video02,46,1.533,1b2022b24dedd615c35f29c19f23e3f7238cb077e1ea306808a3a786b748467a
mouse_video02_0016.jpg,test,difficult_video_prelabel,mouse,xanylabeling_human_review,1,human_checked,mouse_video02,49,1.633,a30f7c6157646f95a39abd8f6fbbfffc79f345bff46774dc49370fc32aba8436
mouse_video02_0017.jpg,test,difficult_video_prelabel,mouse,xanylabeling_human_review,1,human_checked,mouse_video02,52,1.733,4c6af31cafaa4c2ebf1fe0673855a945820e56326a7b9bdf14328299e4d9b051
mouse_video02_0018.jpg,test,difficult_video_prelabel,mouse,xanylabeling_human_review,1,human_checked,mouse_video02,55,1.833,b23d0b46d2f4de9c596a369592377e72325d0248f355e1db5ac09e4e91b88b3e
mouse_video02_0019.jpg,test,difficult_video_prelabel,mouse,xanylabeling_human_review,1,human_checked,mouse_video02,58,1.933,981cee0f6d7e364dd0b73057429ea35ca7c71917739077ff0516d2f1b0fa6128
mouse_video02_0020.jpg,test,difficult_video_prelabel,mouse,xanylabeling_human_review,1,human_checked,mouse_video02,61,2.033,c56188c1f909454b26d4160fa7cdfb7dffd192554fdeecf7880b3d179999b108
mouse_video02_0021.jpg,test,difficult_video_prelabel,mouse,xanylabeling_human_review,1,human_checked,mouse_video02,64,2.133,42174ce2e0f8ea995e3d741ea11a55aa49d5f05380a296adf588623667009b69
mouse_video02_0022.jpg,test,difficult_video_prelabel,mouse,xanylabeling_human_review,1,human_checked,mouse_video02,67,2.233,0352917a8ee271c8ae2fc8fed0cfd720f4d43a07b82b429030b67129bc5e2e75
mouse_video02_0023.jpg,test,difficult_video_prelabel,mouse,xanylabeling_human_review,1,human_checked,mouse_video02,70,2.333,7c3be78f52f0dadd5fc9e4260ee5eee17ce025dbde585c6dc391fcb7e7347866
mouse_video02_0024.jpg,test,difficult_video_prelabel,mouse,xanylabeling_human_review,1,human_checked,mouse_video02,73,2.433,73f9a9ad79341442e9983c7caa282072a8bbde997e73e232be5cb29d8bef25bf
mouse_video02_0025.jpg,test,difficult_video_prelabel,mouse,xanylabeling_human_review,1,human_checked,mouse_video02,76,2.533,fc3f5cb19269069bcf7ea916469a75973704ae00bfb0440be5035d026413f85c
mouse_video02_0026.jpg,test,difficult_video_prelabel,mouse,xanylabeling_human_review,1,human_checked,mouse_video02,79,2.633,4b386f273fe41781ed48352dc33c4aca5a2970688da5cf63bdf79d36957a9b54
mouse_video02_0027.jpg,test,difficult_video_prelabel,mouse,xanylabeling_human_review,1,human_checked,mouse_video02,82,2.733,f53dbdde1654915d9932376be26838c1c61b9e16372361cd3916b39600d5680b
mouse_video02_0028.jpg,test,difficult_video_prelabel,mouse,xanylabeling_human_review,1,human_checked,mouse_video02,85,2.833,89599d9731a2fa88b0910e89f633b9a4743c95d1e33ace1d1acafe26874cc32b
mouse_video02_0029.jpg,test,difficult_video_prelabel,mouse,xanylabeling_human_review,1,human_checked,mouse_video02,88,2.933,056ed5ace029545b03cf3635c766c29b1f104d39959124ab43027a3f34c46efe
mouse_video02_0030.jpg,test,difficult_video_prelabel,mouse,xanylabeling_human_review,1,human_checked,mouse_video02,92,3.067,0c09e0696903cd296cb1c96e6909d53b90501a5d76b4fd21055dbfc02df7dc70
mouse_video02_0031.jpg,test,difficult_video_prelabel,mouse,xanylabeling_human_review,1,human_checked,mouse_video02,95,3.167,ce9f12aaca7972225c8fe52a07e6c457418d66801c5ddabb6bc67678c29fe384
mouse_video02_0032.jpg,test,difficult_video_prelabel,mouse,xanylabeling_human_review,1,human_checked,mouse_video02,98,3.267,4b258a121ecf7d870efc225d4475382e40cee5c380e5e1426bd60770c0055310
mouse_video02_0033.jpg,test,difficult_video_prelabel,mouse,xanylabeling_human_review,1,human_checked,mouse_video02,101,3.367,d7d090a004f1c8eca03471668e2908dc29f7b206c1d9b0ffa6698aa1767bca49
mouse_video02_0034.jpg,test,difficult_video_prelabel,mouse,xanylabeling_human_review,1,human_checked,mouse_video02,104,3.467,dec9674ccefe9d967f5cc3f4b79042d9e22586beb3d82e9e33b42e81e1c09aca
mouse_video02_0035.jpg,test,difficult_video_prelabel,mouse,xanylabeling_human_review,1,human_checked,mouse_video02,107,3.567,07dbf6d52d687968a32e132dce84109614a5dcd07e141b58b17266b155f5c420
mouse_video02_0036.jpg,test,difficult_video_prelabel,mouse,xanylabeling_human_review,1,human_checked,mouse_video02,110,3.667,2afd6a6c81bbf474140cc1d787d9da8726cf66c514ba559daae355e1a3aa5d2e
mouse_video02_0037.jpg,test,difficult_video_prelabel,mouse,xanylabeling_human_review,1,human_checked,mouse_video02,113,3.767,52d7076d3e3ee8a9b5fcd50d269e739e0ca17b4c39fdab32a9164eea57e552d0
mouse_video02_0038.jpg,test,difficult_video_prelabel,mouse,xanylabeling_human_review,1,human_checked,mouse_video02,116,3.867,b8ae51f09e6b7be6c94688cb6b10d585347a8f0ddb6605a5c5b774c2d99d5922
mouse_video02_0039.jpg,test,difficult_video_prelabel,mouse,xanylabeling_human_review,1,human_checked,mouse_video02,119,3.967,d3ca8b2e0a50812e34fab50297ee95d40602107aad91e8df3ccb711cbfc6be08
mouse_video02_0040.jpg,test,difficult_video_prelabel,mouse,xanylabeling_human_review,1,human_checked,mouse_video02,122,4.067,9b89688deace6b09b20168795b0e026f7c858bb09bb5be83cecb1ab7bf830ff2
mouse_video02_0041.jpg,test,difficult_video_prelabel,mouse,xanylabeling_human_review,1,human_checked,mouse_video02,125,4.167,03606e5fd004dce0c6f9022a800b745a2fc57eb52a5ffcdd32daed48277da188
mouse_video02_0042.jpg,test,difficult_video_prelabel,mouse,xanylabeling_human_review,1,human_checked,mouse_video02,128,4.267,b799d58f344ec637b1ab8eb585010f6ecc27f7616c426746225f64488564c374
mouse_video02_0043.jpg,test,difficult_video_prelabel,mouse,xanylabeling_human_review,1,human_checked,mouse_video02,131,4.367,6d8274b24a568150e7e2892ff429b768267407b50f46ccb51ab5431ef67bd1b1
mouse_video02_0044.jpg,test,difficult_video_prelabel,mouse,xanylabeling_human_review,1,human_checked,mouse_video02,134,4.467,11b04c752d8c21560f157706e0770e008e7f82f7283a6f7be77a5388773dc519
mouse_video02_0045.jpg,test,difficult_video_prelabel,mouse,xanylabeling_human_review,1,human_checked,mouse_video02,137,4.567,b26b2c2084db094167794b8946ab90f2c83f46b4876863e3143f8b2d2982a092
mouse_video02_0046.jpg,test,difficult_video_prelabel,mouse,xanylabeling_human_review,1,human_checked,mouse_video02,140,4.667,0dc5f1e1c13b4a65491f53f11d3b247d8500936b245a78d6a76600f27f06c860
mouse_video02_0047.jpg,test,difficult_video_prelabel,none,xanylabeling_human_review,0,human_checked_negative,mouse_video02,143,4.767,6c2e8f863405fccce458c3534316544cc41bfb97bd2e1ab62f0bfefbda473cbb
mouse_video02_0048.jpg,test,difficult_video_prelabel,none,xanylabeling_human_review,0,human_checked_negative,mouse_video02,146,4.867,faff4fc1e5f7882fa519f609b1dd1a12beaf724d63873fc193a178ad94cd798f
mouse_video02_0049.jpg,test,difficult_video_prelabel,none,xanylabeling_human_review,0,human_checked_negative,mouse_video02,149,4.967,cbf85254a86d8e7b6802524c5c3f87969a4e4725e17aeb4edc52644350ef04ae
mouse_video02_0050.jpg,test,difficult_video_prelabel,none,xanylabeling_human_review,0,human_checked_negative,mouse_video02,153,5.100,baf0bea68af1f0676c961a0eb40daf9b4a835cb5a8697ee67ac8742b0e762861
mouse_video02_0051.jpg,test,difficult_video_prelabel,mouse,xanylabeling_human_review,1,human_checked,mouse_video02,156,5.200,6dba5a08479b384006c1c55bb401982caef24cd733a5d6b56af81640be76a375
mouse_video02_0052.jpg,test,difficult_video_prelabel,mouse,xanylabeling_human_review,1,human_checked,mouse_video02,159,5.300,f433ac65374e44ba8742ab6187cf7650270c25c9bd2f48aa72594ea37f31ec23
mouse_video02_0053.jpg,test,difficult_video_prelabel,mouse,xanylabeling_human_review,1,human_checked,mouse_video02,162,5.400,bf269b470544317d0a068584da8ab5a43e5993708a9efc1526d5f13d3e7eca1c
mouse_video02_0054.jpg,test,difficult_video_prelabel,mouse,xanylabeling_human_review,1,human_checked,mouse_video02,165,5.500,68eb24210bc207884da9d4aa1ab9c967d5684a88e525e2e8205e8b9900fa0882
mouse_video02_0055.jpg,test,difficult_video_prelabel,mouse,xanylabeling_human_review,1,human_checked,mouse_video02,168,5.600,0949524c6361ad7a0ed258e44f97d2c386ffdfa72218f3b709ed3cbf4be73382
mouse_video02_0056.jpg,test,difficult_video_prelabel,mouse,xanylabeling_human_review,1,human_checked,mouse_video02,171,5.700,194a1f54c1d8be6f388e6d77c93b91f9e6f20645aa4b7381bb085219a2ca01f3
mouse_video02_0057.jpg,test,difficult_video_prelabel,mouse,xanylabeling_human_review,1,human_checked,mouse_video02,174,5.800,a5d2f17c9ffc77ce3aa15251c6ece8d511d209292807ec406876fdfb7fa6460c
mouse_video02_0058.jpg,test,difficult_video_prelabel,mouse,xanylabeling_human_review,1,human_checked,mouse_video02,177,5.900,16871060d8777f0a27f56bd5e5ecd9957914ee9e920fadce2a76e14b50f0045d
mouse_video02_0059.jpg,test,difficult_video_prelabel,mouse,xanylabeling_human_review,1,human_checked,mouse_video02,180,6.000,54c7a19e05d9706e4df8ac3ed7a5935bc308f3fc8f3777bdc2d09358d62c1286
mouse_video02_0060.jpg,test,difficult_video_prelabel,mouse,xanylabeling_human_review,1,human_checked,mouse_video02,183,6.100,c5742de1704ada99d970e7698890c55c256e033d14a02d0af1186f2c1219a4fe
mouse_video02_0061.jpg,test,difficult_video_prelabel,mouse,xanylabeling_human_review,1,human_checked,mouse_video02,186,6.200,9ab949002f91841f154b3abd1fe6fc02866aef3e5744823aa8340cc0afea2754
mouse_video02_0062.jpg,test,difficult_video_prelabel,mouse,xanylabeling_human_review,1,human_checked,mouse_video02,189,6.300,e0418195b17013136116c52ac70266a462b7d15d64f8a66463ef14e8e8a0c192
mouse_video02_0063.jpg,test,difficult_video_prelabel,mouse,xanylabeling_human_review,1,human_checked,mouse_video02,192,6.400,9d88950c8777ca95cb04094eb115a0ac6c6438ecc72d4e6707704966e07435eb
mouse_video02_0064.jpg,test,difficult_video_prelabel,mouse,xanylabeling_human_review,1,human_checked,mouse_video02,195,6.500,bb1d798c4c1df7f382e9275a3d641ca36c2a1386b5958a259453fd0084b426a4
mouse_video02_0065.jpg,test,difficult_video_prelabel,mouse,xanylabeling_human_review,1,human_checked,mouse_video02,198,6.600,99386fd87e18c125d68b768872e845572f72f22bd18a8d97805b247934c20794
mouse_video02_0066.jpg,test,difficult_video_prelabel,mouse,xanylabeling_human_review,1,human_checked,mouse_video02,201,6.700,62820fb9397577b0e3a532aaa943e80be3761d6dd4349eb49818bde43b24ec94
mouse_video02_0067.jpg,test,difficult_video_prelabel,mouse,xanylabeling_human_review,1,human_checked,mouse_video02,204,6.800,ae811e01fef85dc44615ecaa1a43b0d1e64654283eb732c6dd482c51b704e090
mouse_video02_0068.jpg,test,difficult_video_prelabel,mouse,xanylabeling_human_review,1,human_checked,mouse_video02,207,6.900,9b7d3a0318476a75120262afceb85b0a85d55384f8173ea251de2ba9a2a99c71
mouse_video02_0069.jpg,test,difficult_video_prelabel,mouse,xanylabeling_human_review,1,human_checked,mouse_video02,210,7.000,23588842c4b34841a2d76c63f1ba78982e8755ef2b447e946605ae9a21c93a2a
mouse_video02_0070.jpg,test,difficult_video_prelabel,mouse,xanylabeling_human_review,1,human_checked,mouse_video02,214,7.133,1fc268e4c027ab9e8940b98dd0562a4d53c9690e2bea5382ff94365b93a5d4de
mouse_video02_0071.jpg,test,difficult_video_prelabel,mouse,xanylabeling_human_review,1,human_checked,mouse_video02,217,7.233,edb26a0aeda2311a36a0110c40abb427344df11c9731455f52c6898d1f294f6e
mouse_video02_0072.jpg,test,difficult_video_prelabel,mouse,xanylabeling_human_review,1,human_checked,mouse_video02,220,7.333,803fa4465f15204bfd1d9343d4198004e9f3739bf236105b90659d69571f7f7d
mouse_video02_0073.jpg,test,difficult_video_prelabel,mouse,xanylabeling_human_review,1,human_checked,mouse_video02,223,7.433,e5741ff108d84badf66c8c575e8952f3fc61176c58bfeffb97f1b47343d53bbb
mouse_video02_0074.jpg,test,difficult_video_prelabel,mouse,xanylabeling_human_review,1,human_checked,mouse_video02,226,7.533,ddeac37423d88aa2ed924fd9e77a8b650e62f1668308f58f8cc735dc455667ad
mouse_video02_0075.jpg,test,difficult_video_prelabel,mouse,xanylabeling_human_review,1,human_checked,mouse_video02,229,7.633,507d267601b323c3629d713656a1762b0e9f869c839f4e56a16499fe0c8d5204
mouse_video02_0076.jpg,test,difficult_video_prelabel,mouse,xanylabeling_human_review,1,human_checked,mouse_video02,232,7.733,fe906da08c0d04083c5244ebe770d9f32c8292564a922d4dbbfa818400796459
mouse_video02_0077.jpg,test,difficult_video_prelabel,mouse,xanylabeling_human_review,1,human_checked,mouse_video02,235,7.833,a6c3363a5474e3117820e767dadfb15e63155807dd6c360bd86e8100f0f096b3
mouse_video02_0078.jpg,test,difficult_video_prelabel,mouse,xanylabeling_human_review,1,human_checked,mouse_video02,238,7.933,6613bff318ae0b4cb507dd3fe6a6a4f7382883ae3365c5848d8808e4fe7cf3f5
mouse_video02_0079.jpg,test,difficult_video_prelabel,mouse,xanylabeling_human_review,1,human_checked,mouse_video02,241,8.033,177648c08b237d5fff2527f898423e2cc5c1032e7d9ad8232544b28f33d585a3
mouse_video02_0080.jpg,test,difficult_video_prelabel,mouse,xanylabeling_human_review,1,human_checked,mouse_video02,244,8.133,a1548a5fd68481f291141f40a98398b1be3a92aedcb19af4fab26ef5f8ae7785
mouse_video02_0081.jpg,test,difficult_video_prelabel,mouse,xanylabeling_human_review,1,human_checked,mouse_video02,247,8.233,5477b2ad0aacc4b8f86d7f4d26f2095d7ee4340d8e31c98214b2dfbeed848578
mouse_video02_0082.jpg,test,difficult_video_prelabel,mouse,xanylabeling_human_review,1,human_checked,mouse_video02,250,8.333,da26c312b53cebe608d7eb113a1349353bb9517d61d8ff1a1f74ee335d836ca9
mouse_video02_0083.jpg,test,difficult_video_prelabel,mouse,xanylabeling_human_review,1,human_checked,mouse_video02,253,8.433,ab8261e496c8a642137548336202bcfabc42229ad9af0b8d7e11193c4b1f5b24
mouse_video02_0084.jpg,test,difficult_video_prelabel,mouse,xanylabeling_human_review,1,human_checked,mouse_video02,256,8.533,9971f2adffff3c509a3a372fabf95d3658056ae44e530f0dc9cdce0b196576dc
mouse_video02_0085.jpg,test,difficult_video_prelabel,mouse,xanylabeling_human_review,1,human_checked,mouse_video02,259,8.633,0609932d22ebcf14f177ef191668891e7aa2900a18bf02986bce2f3b6f313a53
mouse_video02_0086.jpg,test,difficult_video_prelabel,mouse,xanylabeling_human_review,1,human_checked,mouse_video02,262,8.733,e1460860c7bdc29736cc283ec57b1994b0af5803f219bb06c7d6008a490c2e3e
mouse_video02_0087.jpg,test,difficult_video_prelabel,mouse,xanylabeling_human_review,1,human_checked,mouse_video02,265,8.833,5b2e80fa72577101ee66a2f6bd2991849b14f6408e7736a9821af889c49755cd
mouse_video02_0088.jpg,test,difficult_video_prelabel,mouse,xanylabeling_human_review,1,human_checked,mouse_video02,268,8.933,1b28745fc895cf2e03ff4673f93e8c78bfac9ff68aa2ebd439a97a145559f022
mouse_video02_0089.jpg,test,difficult_video_prelabel,mouse,xanylabeling_human_review,1,human_checked,mouse_video02,271,9.033,47d8efe358006196aa2edba0bf70caf22465097532cea0a5d51c979cb2306bf2
mouse_video02_0090.jpg,test,difficult_video_prelabel,mouse,xanylabeling_human_review,1,human_checked,mouse_video02,275,9.167,062ccbfbfa0a1926714a1128c911b7050da10af616ec30bad81c7b0400eb9d0f
mouse_video02_0091.jpg,test,difficult_video_prelabel,mouse,xanylabeling_human_review,1,human_checked,mouse_video02,278,9.267,18f8171916a454c5babdbea9878e273878eaf5d9d04f5bb4b0a84c6b4c939bc8
mouse_video02_0092.jpg,test,difficult_video_prelabel,mouse,xanylabeling_human_review,1,human_checked,mouse_video02,281,9.367,e59ef2a59a1749182b3963eda74381cca78088735c2053e84c3d7058cbcafcea
mouse_video02_0093.jpg,test,difficult_video_prelabel,mouse,xanylabeling_human_review,1,human_checked,mouse_video02,284,9.467,fe9604460de5c50c4866d06231866825751ab7a11ea1399b0f0f2cfe12878043
mouse_video02_0094.jpg,test,difficult_video_prelabel,mouse,xanylabeling_human_review,1,human_checked,mouse_video02,287,9.567,f677a80fa5ecb190dd6278abd4b37d27de4fd685b9e7196c25f6a7e4af4cac29
mouse_video02_0095.jpg,test,difficult_video_prelabel,mouse,xanylabeling_human_review,1,human_checked,mouse_video02,290,9.667,adf827b80d520e85f2c09d0fec19d1465a8049430e8034dc93c59174eeed78d3
mouse_video02_0096.jpg,test,difficult_video_prelabel,mouse,xanylabeling_human_review,1,human_checked,mouse_video02,293,9.767,a0a46434b9aea1de4ecf9f092c057fab97275c7d8a60feed35d2fcff9b42f316
mouse_video02_0097.jpg,test,difficult_video_prelabel,mouse,xanylabeling_human_review,1,human_checked,mouse_video02,296,9.867,30eafcdccd971cecb4ba07351b78f37d27ef88875aef2f219317c833125054bf
mouse_video02_0098.jpg,test,difficult_video_prelabel,mouse,xanylabeling_human_review,1,human_checked,mouse_video02,299,9.967,3f8b4e62e596ff3eea2107a400ceb5299ea687238da1075d9907c54a7cbb34a4
mouse_video02_0099.jpg,test,difficult_video_prelabel,mouse,xanylabeling_human_review,1,human_checked,mouse_video02,302,10.067,d99d039cc54b0a66ee6924eae495d858c0fdf087136800a40c4497d07d02d716
mouse_video02_0100.jpg,test,difficult_video_prelabel,mouse,xanylabeling_human_review,1,human_checked,mouse_video02,305,10.167,04a4d7df6e9a7fb182a5cb37f54dd6f1ad1d937d1ebd2549462992136669e141
mouse_video02_0101.jpg,test,difficult_video_prelabel,mouse,xanylabeling_human_review,1,human_checked,mouse_video02,308,10.267,7d928ffc3ba5611f497232b8d78c97386f51f0d7c4326d67a2300c33851c8c76
mouse_video02_0102.jpg,test,difficult_video_prelabel,mouse,xanylabeling_human_review,1,human_checked,mouse_video02,311,10.367,a771055cc7aa103655cbced9b5d8f980b05e563b7b79fa0d683292d91ffe2480
mouse_video02_0103.jpg,test,difficult_video_prelabel,mouse,xanylabeling_human_review,1,human_checked,mouse_video02,314,10.467,61461313bb35b17a99b72f768cd43760d607f75f18c7cc21d0b3c324d13f9f22
mouse_video02_0104.jpg,test,difficult_video_prelabel,mouse,xanylabeling_human_review,1,human_checked,mouse_video02,317,10.567,6fba58c53f470a1f05da7baf02d472c0328755e5d0c1bf3ddcdcc5bf12a7c1c7
mouse_video02_0105.jpg,test,difficult_video_prelabel,mouse,xanylabeling_human_review,1,human_checked,mouse_video02,320,10.667,4f5754c43c8f253c5579aad8215873cdf34ff84d865335073b59069050b1b270
mouse_video02_0106.jpg,test,difficult_video_prelabel,mouse,xanylabeling_human_review,1,human_checked,mouse_video02,323,10.767,8941eb7982885870c28d36512c20e90b42bdc42a84f7186c01870874ff35e9bc
mouse_video02_0107.jpg,test,difficult_video_prelabel,mouse,xanylabeling_human_review,1,human_checked,mouse_video02,326,10.867,46145c21741cffee557a5c272a9126deaaa84180570e3d9f8fe38ee72e8971d3
mouse_video02_0108.jpg,test,difficult_video_prelabel,mouse,xanylabeling_human_review,1,human_checked,mouse_video02,329,10.967,24a20b18d237145e6996fa5c3bef42e89365d9ced39426a5008d805090cfee27
mouse_video02_0109.jpg,test,difficult_video_prelabel,mouse,xanylabeling_human_review,1,human_checked,mouse_video02,332,11.067,b7b6007d53b4dc046f3280e48efc95ea9121ac7c14d947763fc1a19b406e85af
mouse_video02_0110.jpg,test,difficult_video_prelabel,mouse,xanylabeling_human_review,1,human_checked,mouse_video02,336,11.200,b8b4061d97c9d1dab6266c906043bc40656fa37ea61fe0ba76886b5e95569743
mouse_video02_0111.jpg,test,difficult_video_prelabel,mouse,xanylabeling_human_review,1,human_checked,mouse_video02,339,11.300,f79a0d03828d6f0979bd7dc9c9fb0f7e757a26cda3a7f7d0b508c823636848b9
mouse_video02_0112.jpg,test,difficult_video_prelabel,mouse,xanylabeling_human_review,1,human_checked,mouse_video02,342,11.400,07d00d116b62f4ac4362b34c55902f710b72cc1dd1fd2187c4b2731aa67d957c
mouse_video02_0113.jpg,test,difficult_video_prelabel,mouse,xanylabeling_human_review,1,human_checked,mouse_video02,345,11.500,2b5627b4361c0b160ac6a34ec83fbea8ee0c8ce4f91e421eb2a668c7894615f2
mouse_video02_0114.jpg,test,difficult_video_prelabel,mouse,xanylabeling_human_review,1,human_checked,mouse_video02,348,11.600,d3643468c63fb50100dbc72bc10546257d9e84fe2f495b460759105a543a2e20
mouse_video02_0115.jpg,test,difficult_video_prelabel,mouse,xanylabeling_human_review,1,human_checked,mouse_video02,351,11.700,933a403d304df4d1e5313ddebafeded0999ba9ccac776be1dd0a8f1666a8ac0b
mouse_video02_0116.jpg,test,difficult_video_prelabel,mouse,xanylabeling_human_review,1,human_checked,mouse_video02,354,11.800,19b28c1994274f93acbff6ab67f91e1514b12e4b854b5cbba9ac7724e35a1634
mouse_video02_0117.jpg,test,difficult_video_prelabel,mouse,xanylabeling_human_review,1,human_checked,mouse_video02,357,11.900,4b66216552d8c0e60dee979c73ba9acdc38553cdc9feab264a5ed80fd2313f1e
mouse_video02_0118.jpg,test,difficult_video_prelabel,mouse,xanylabeling_human_review,1,human_checked,mouse_video02,360,12.000,643f3be5e4825f440054cda612ac3ebc2953ea0db4c86e4f67d2feeb7ed79b5b
mouse_video02_0119.jpg,test,difficult_video_prelabel,mouse,xanylabeling_human_review,1,human_checked,mouse_video02,363,12.100,083c79e14516bc161310c65fd0adf57b1610553a5b53752f3b9de901304bb512
cup_v1_005_t005433.jpg,train,human_reviewed_original,cup,xanylabeling_human_review,1,human_checked,cup_v1,,,bd5ea9637a7da435e45987d5731ae45fe37ebc82d58a0a923a883d94c1073c28
cup_v1_018_t017833.jpg,train,human_reviewed_original,cup,xanylabeling_human_review,2,human_checked,cup_v1,,,b92ed38cc92735e6d1113d52aec32de84eb55ebb3d554af114b2a1c4e7708a75
cup_v1_019_t018500.jpg,train,human_reviewed_original,cup,xanylabeling_human_review,1,human_checked,cup_v1,,,66a637233789bc95bcb015e16b07a5d5342c5b58baec63b51c260239dea7ddbe
cup_v1_021_t021033.jpg,train,human_reviewed_original,cup,xanylabeling_human_review,2,human_checked,cup_v1,,,d4f465606ddf6f8584c9dc298ebe0288232064affae60f9083e0507679732a64
cup_v1_022_t022367.jpg,train,human_reviewed_original,cup,xanylabeling_human_review,2,human_checked,cup_v1,,,43903e158878ae6740b22e2234efcf459cb974be0f29d454f9d2e91bd69f0dd5
cup_v1_023_t023033.jpg,train,human_reviewed_original,cup,xanylabeling_human_review,2,human_checked,cup_v1,,,9cad16380b1e5ad8568f4798d30af332fdbce50219174f0dbd3f5b7b58abc59f
cup_v1_029_t028367.jpg,train,human_reviewed_original,cup,xanylabeling_human_review,2,human_checked,cup_v1,,,9cc57e42afe1b053da1c8fe26c900ece2d30b377abb1a287e0949f1075a134ff
cup_v2_004_t005167.jpg,train,human_reviewed_original,cup,xanylabeling_human_review,2,human_checked,cup_v2,,,70a12370ff3ae83d717c6ec53603d5d0b94ca9997a1b78e23c22e5efba0984f8
cup_v2_014_t017167.jpg,train,human_reviewed_original,cup,xanylabeling_human_review,2,human_checked,cup_v2,,,ebd9b58886029eaab56eac2363e81b8c5f5c9136242607e19e31ecc82e70ec9f
cup_v2_017_t020367.jpg,train,human_reviewed_original,cup,xanylabeling_human_review,2,human_checked,cup_v2,,,dcab3a4ed9fce35d7f4a9952ca00042ced4c69a05e68b2e48f8abe4daa81b5e8
cup_v2_019_t023967.jpg,train,human_reviewed_original,cup,xanylabeling_human_review,1,human_checked,cup_v2,,,e51ded099a1c57b0dd0c1076ecf977943e386418ca978649ee8cb815085e8917
cup_v2_022_t027700.jpg,train,human_reviewed_original,cup,xanylabeling_human_review,1,human_checked,cup_v2,,,46c863a26019119c8644dd8634d7b836aef5257bafea730d928cd2b9f5b7615f
cup_v2_024_t029167.jpg,train,human_reviewed_original,cup,xanylabeling_human_review,1,human_checked,cup_v2,,,5238d986945093031e7a729b3d854ed3ede4d9ea9cf3f7013df996b7db813c58
cup_v3_004_t005033.jpg,val,human_reviewed_original,cup,xanylabeling_human_review,2,human_checked,cup_v3,,,0b0eb2d8cb934cd3cf6a119df800d01ee0fe67fa2fdc92ffac603a4fa9072e84
cup_v3_006_t007300.jpg,val,human_reviewed_original,cup,xanylabeling_human_review,2,human_checked,cup_v3,,,5d8d4a435d74db1e4fd75246630d4e1b6d634cdf508332683a0bae2ace242f49
cup_v3_008_t010367.jpg,val,human_reviewed_original,cup,xanylabeling_human_review,2,human_checked,cup_v3,,,8e95411b5041f21e8d85fdac1b8d133fe9926c3ae5a2ded473ec2a587787601d
cup_v3_017_t020900.jpg,val,human_reviewed_original,cup,xanylabeling_human_review,2,human_checked,cup_v3,,,dad08efb1ff35fbbc3764df14cb7b177056a0edc354ace886f8ec3a8825d58dc
cup_v3_021_t026633.jpg,val,human_reviewed_original,cup,xanylabeling_human_review,2,human_checked,cup_v3,,,3cc7d6ec35af60e1edf13d60ef177092761e464e67a4ea7c1e512bd88bae2c28
cup_v3_031_t039033.jpg,val,human_reviewed_original,cup,xanylabeling_human_review,2,human_checked,cup_v3,,,2162ec89c549b98ed09891b91ff7d1980f553f3ffe00430c2f5f03e2a2d304d5
mouse_v1_002_t002633.jpg,train,human_reviewed_original,mouse,xanylabeling_human_review,1,human_checked,mouse_v1,,,8cc16b0b5283e5fdc7cd0ec548cd7ba0dce13d0afd38646b752b7d707f57c279
mouse_v1_004_t004900.jpg,train,human_reviewed_original,mouse,xanylabeling_human_review,1,human_checked,mouse_v1,,,741d73e7e3dc36d1ef8ccf3c8e3062b9bce1a0e5a30dc640b83d4710217cec45
mouse_v1_013_t015033.jpg,excluded,human_reviewed_original,mouse,xanylabeling_human_review,1,human_checked,mouse_v1,,,c9feaf6ea9f71372a954a371c8759ead45a6b822b4d46176fd623b5df3d40624
mouse_v1_015_t018233.jpg,train,human_reviewed_original,mouse,xanylabeling_human_review,1,human_checked,mouse_v1,,,bda658b4763f8954e681523024ea2733ab058503107a0a5c4d1c91f009a36c34
mouse_v1_016_t018900.jpg,excluded,human_reviewed_original,mouse,xanylabeling_human_review,1,human_checked,mouse_v1,,,38710984c4bc782967a2b050e6b22029270847ae92d769a4684b20c424088c05
mouse_v1_022_t026100.jpg,train,human_reviewed_original,mouse,xanylabeling_human_review,1,human_checked,mouse_v1,,,404db12ad3da6deda58d0c6f44100829965c20cd271cd8d768a8402768c39cf2
mouse_v1_025_t029433.jpg,train,human_reviewed_original,mouse,xanylabeling_human_review,1,human_checked,mouse_v1,,,b73ab7241eb83596cec7f70d35c5447475b236b1e7622dcfcd62fee08a6db9a3
mouse_v2_001_t000500.jpg,train,human_reviewed_original,mouse,xanylabeling_human_review,1,human_checked,mouse_v2,,,224e6abef1ee7a66965b1d2e28dfdda1cff50e672332bb8ff9e838ea947f7b86
mouse_v2_003_t002633.jpg,train,human_reviewed_original,mouse,xanylabeling_human_review,1,human_checked,mouse_v2,,,e014a2de8d0459fec5b0cc76189c4c5cc6a19570a56abbde8c7717438f9dbfd9
mouse_v2_006_t004500.jpg,train,human_reviewed_original,mouse,xanylabeling_human_review,1,human_checked,mouse_v2,,,4ae2810ae6f063d5e58e8b758d0c13415da3426ea10fd7ee03ace8284459940e
mouse_v2_011_t007967.jpg,train,human_reviewed_original,mouse,xanylabeling_human_review,1,human_checked,mouse_v2,,,e61aae015ee1a8cc4f4cd437c12775103d16005762266aa9bd784ebc8683b906
mouse_v2_014_t010233.jpg,train,human_reviewed_original,mouse,xanylabeling_human_review,1,human_checked,mouse_v2,,,c51caa15ffe6c9f4dfe4b6df2d032931a7ff437ad5f6e4be8c8fc3e802a5f4c8
mouse_v2_029_t021833.jpg,train,human_reviewed_original,mouse,xanylabeling_human_review,1,human_checked,mouse_v2,,,6ddededef945eb5d483b74cea72505f55f3025a64f7bf58b7659fbcc3f04853b
mouse_v3_002_t002367.jpg,val,human_reviewed_original,mouse,xanylabeling_human_review,1,human_checked,mouse_v3,,,d0d6bc6c147e1191aae47269a24584fb31d0d8a6078cf33055e417469892ab6b
mouse_v3_003_t003033.jpg,val,human_reviewed_original,mouse,xanylabeling_human_review,1,human_checked,mouse_v3,,,f0ec676fba5700835f203202f97dec256b134795e6a3e6f3b58631d7eb3ba5e5
mouse_v3_005_t004633.jpg,val,human_reviewed_original,mouse,xanylabeling_human_review,1,human_checked,mouse_v3,,,58ee545fd9242e965738bac2df78c238d18d89ee61e035e4a3c92645c348a2bd
mouse_v3_010_t009700.jpg,val,human_reviewed_original,mouse,xanylabeling_human_review,1,human_checked,mouse_v3,,,1fd43b433c9ff01ab7abacae66010dcb35964f76a6fda9be6d8f7a5bda4a90bb
mouse_v3_017_t015967.jpg,val,human_reviewed_original,mouse,xanylabeling_human_review,1,human_checked,mouse_v3,,,56890330f76c59e062dac1f73780a16f54fd249e0de8f486498d31a8c2d0b488
mouse_v3_021_t019167.jpg,val,human_reviewed_original,mouse,xanylabeling_human_review,1,human_checked,mouse_v3,,,39ea776d089783719d8662340532fc472e0d7ca97c2e64e4ef285b952973d5e1
cup_v1_001_t000633.jpg,train,human_reviewed_original,cup,xanylabeling_human_review,2,human_checked,cup_v1,,,15e77a8360f88732344d12e2ceab99c21aa896e4803319f99ab8e84852ff6b13
cup_v1_027_t027033.jpg,train,human_reviewed_original,cup,xanylabeling_human_review,2,human_checked,cup_v1,,,209f2c2052d3652ec01ace953aad585218e12ecd90a61be4f01da47edce2f60a
cup_v2_005_t006633.jpg,train,human_reviewed_original,cup,xanylabeling_human_review,2,human_checked,cup_v2,,,5d55b442cbcb577e3220356b249d692c7e6d7c3ae95a074f3f9c70fd5a8b1720
cup_v2_011_t013567.jpg,train,human_reviewed_original,cup,xanylabeling_human_review,2,human_checked,cup_v2,,,23d83449f9832f159b142ce409ddeabe0841645490fffebd93a61fc3e600886a
cup_v2_026_t031833.jpg,train,human_reviewed_original,cup,xanylabeling_human_review,1,human_checked,cup_v2,,,5d7b83abc5d4b93fa7bf4d3660709d1bfd75568e43ff029d64138de7ce43cecc
cup_v3_001_t001833.jpg,val,human_reviewed_original,cup,xanylabeling_human_review,2,human_checked,cup_v3,,,050812ffb6283cbb4ded14e4cb741a2e36e72ee876a69e151cceadf158771037
cup_v3_002_t003033.jpg,val,human_reviewed_original,cup,xanylabeling_human_review,2,human_checked,cup_v3,,,5fb5c7d8d194f561e9aefd654760baec3b0e6ec055629402c619c3d9c1e5b4af
cup_v3_005_t005833.jpg,val,human_reviewed_original,cup,xanylabeling_human_review,2,human_checked,cup_v3,,,56ac926d55ae1cbfe6ef17ced2adcb22b71736a614c176571bd11bfd423cf195
cup_v3_019_t024233.jpg,val,human_reviewed_original,cup,xanylabeling_human_review,2,human_checked,cup_v3,,,e2e850186061f6e9cb3e7e338b74f073727ed6d89b2d8cc946f5566728dd69ee
mouse_v1_011_t013433.jpg,excluded,human_reviewed_original,mouse,xanylabeling_human_review,1,human_checked,mouse_v1,,,62bbb1f1851dec5581e830cce4cac86dfe242f7fdf8696f4b056b5764d87cb2d
mouse_v1_030_t035300.jpg,train,human_reviewed_original,mouse,xanylabeling_human_review,1,human_checked,mouse_v1,,,2358f23e4e9f42900c18bd0d1bc4eb30a3a4e77ab56dbad08198e7ca4365636b
mouse_v2_005_t003967.jpg,train,human_reviewed_original,mouse,xanylabeling_human_review,1,human_checked,mouse_v2,,,7ca7e59f7c7be931c2a35ebfa46881209ae8e153006ca92db9ce246e29aad691
mouse_v2_009_t007033.jpg,train,human_reviewed_original,mouse,xanylabeling_human_review,1,human_checked,mouse_v2,,,e020dbb7782229f201c0d8ff55d47ff919faff93aa068795cb985f8073db3e9e
mouse_v2_021_t015967.jpg,train,human_reviewed_original,mouse,xanylabeling_human_review,1,human_checked,mouse_v2,,,cac0b90dbb07c3fa96d09091021e50114663f3388a99affb139b5c206bc21f9a
mouse_v2_026_t019300.jpg,train,human_reviewed_original,mouse,xanylabeling_human_review,1,human_checked,mouse_v2,,,2c1d4dc186d2b82911f9041e86a70b6e632e4f66bfd633c5657e936dc5a8a8f6
mouse_v3_016_t014900.jpg,val,human_reviewed_original,mouse,xanylabeling_human_review,1,human_checked,mouse_v3,,,856124b0fc4b44d269024593abc4a8540d9a78cd4c70ef3ce4f019c0de85e64a
mouse_v3_018_t016500.jpg,val,human_reviewed_original,mouse,xanylabeling_human_review,1,human_checked,mouse_v3,,,91b56b3f31019b775abfbb7c5de34c2cf90504be6d84374a3c9d6af513c00406
mouse_v3_020_t017967.jpg,val,human_reviewed_original,mouse,xanylabeling_human_review,1,human_checked,mouse_v3,,,f544500a0fdbf213442281c0d5bca84a95342c26d351b5aaf76d8a1850cdebb5
cup_video01_0005.jpg,test,difficult_video_excluded_frame,cup,xanylabeling_human_review,2,human_checked,cup_video01,24,0.800,d9933973a2d36a379e9b4661978dde39102da37447a538558c08b845e14d8733
cup_video01_0006.jpg,test,difficult_video_excluded_frame,cup,xanylabeling_human_review,2,human_checked,cup_video01,28,0.933,1d1bade62417cb1986975be4517a8b3583a3e8ddca3f80b0cd43caba402f12d9
cup_video01_0007.jpg,test,difficult_video_excluded_frame,cup,xanylabeling_human_review,1,human_checked,cup_video01,33,1.100,0580d11ace95c3de7c7ae0b87addd6ab8fa49215d21d4c6ff861c1e8f1d43cda
cup_video01_0015.jpg,test,difficult_video_excluded_frame,cup,xanylabeling_human_review,1,human_checked,cup_video01,71,2.367,f4881d1e1a48a39c6a53863cb223336ee1c72dc6106c5ec3b76f9580590a4919
cup_video01_0016.jpg,test,difficult_video_excluded_frame,cup,xanylabeling_human_review,1,human_checked,cup_video01,76,2.533,c096c5b17cf08378b60849b7a5f50aefdf29690b00b86b57d9c621d2cbb7111e
cup_video01_0017.jpg,test,difficult_video_excluded_frame,cup,xanylabeling_human_review,1,human_checked,cup_video01,81,2.700,4a5a955b5b8980246bd2beb99ca360ce2e641acb1d9b5bd1d0cfdb3afb769b13
cup_video01_0018.jpg,test,difficult_video_excluded_frame,cup,xanylabeling_human_review,1,human_checked,cup_video01,85,2.833,0014e078f16c3ff645c7d94c50432d725d04f2c59cf35a88509c448844af0703
cup_video01_0019.jpg,test,difficult_video_excluded_frame,cup,xanylabeling_human_review,1,human_checked,cup_video01,90,3.000,ac7a1d61918c3b355ca779e37f669fc326ca0593450dfce4d3955e45993a2c6e
cup_video01_0020.jpg,test,difficult_video_excluded_frame,cup,xanylabeling_human_review,1,human_checked,cup_video01,95,3.167,d0742ec42e3ba37711364068da98d5322609e80ad7ffd901af2f7f30e9151888
cup_video01_0022.jpg,test,difficult_video_excluded_frame,cup,xanylabeling_human_review,2,human_checked,cup_video01,104,3.467,a01d2f11608a53614b3aed4674ec752eb9f423dcdc0411e132e2dc518d50e088
cup_video01_0023.jpg,test,difficult_video_excluded_frame,cup,xanylabeling_human_review,1,human_checked,cup_video01,109,3.633,0f71b0d25ff12a9d116a847640976f3b80797bc69b342fe510873eb9ebec83c3
cup_video01_0030.jpg,test,difficult_video_excluded_frame,cup,xanylabeling_human_review,3,human_checked,cup_video01,142,4.733,e6a4ec300d5b322e5906a76d67973ca06772a44813969cbcecf972df26ca6680
cup_video01_0034.jpg,test,difficult_video_excluded_frame,none,xanylabeling_human_review,0,human_checked_negative,cup_video01,161,5.367,b8417fa10ac25188c2da3e116fa4bef7428cb07e1a71d1bfcbbbe2ee814aaac2
cup_video01_0035.jpg,test,difficult_video_excluded_frame,none,xanylabeling_human_review,0,human_checked_negative,cup_video01,166,5.533,249156a928f9498bb494888bad06e6df15a8ae35e200582f774fc6c35ca1f338
cup_video01_0039.jpg,test,difficult_video_excluded_frame,cup,xanylabeling_human_review,2,human_checked,cup_video01,185,6.167,292e5e124e4c0c9960442a7b7941ec47b940b86f9caf12b5cac0392fffd0967a
cup_video01_0040.jpg,test,difficult_video_excluded_frame,cup,xanylabeling_human_review,2,human_checked,cup_video01,190,6.333,4631c911d56463565d64ef7a4acd955ef5f4c84d776491e3d410aeb414c405a9
cup_video01_0042.jpg,test,difficult_video_excluded_frame,cup,xanylabeling_human_review,3,human_checked,cup_video01,199,6.633,dc01e44379c42410c71387690e1c58d5fac8284c3dae9ea0b19d22b6fb635aa1
cup_video01_0048.jpg,test,difficult_video_excluded_frame,cup,xanylabeling_human_review,1,human_checked,cup_video01,227,7.567,e3549addc91c94997079c152536a4b17bae9fb672e1c516a53a040e1aae6e66f
cup_video01_0049.jpg,test,difficult_video_excluded_frame,cup,xanylabeling_human_review,1,human_checked,cup_video01,232,7.733,63924bd2d9d6c69cbc957d3b17e811f99d51e28f4906cb28de55de4fd6208733
cup_video01_0050.jpg,test,difficult_video_excluded_frame,cup,xanylabeling_human_review,1,human_checked,cup_video01,237,7.900,4c36575d917b35cc6cf2a711b1fe03456e47735a277a1d1855080b4627a7603c
cup_video01_0061.jpg,test,difficult_video_excluded_frame,cup,xanylabeling_human_review,1,human_checked,cup_video01,289,9.633,83badaff93eb8923d1226f3bf9a89a10cd4451d2e04ef8acab3ebd7f269aa57b
cup_video01_0079.jpg,test,difficult_video_excluded_frame,cup,xanylabeling_human_review,2,human_checked,cup_video01,374,12.467,3fe859a2d25a959c9ae446ab26f4d09986e62d390774712bb711ac08bac65575
cup_video01_0080.jpg,test,difficult_video_excluded_frame,cup,xanylabeling_human_review,2,human_checked,cup_video01,379,12.633,8bd5bc830cb2bd9b812eddcd7668dfd98c536701c65d01d905c00ed2b3a4f9da
cup_video01_0099.jpg,test,difficult_video_excluded_frame,cup,xanylabeling_human_review,3,human_checked,cup_video01,469,15.633,edd1c925a5aab1bd255a608ba2854f0860fb2f9422f78756e1ec20b7af53d3a1
cup_video01_0110.jpg,test,difficult_video_excluded_frame,cup,xanylabeling_human_review,2,human_checked,cup_video01,521,17.367,ce60364606812ff406409392264bbf2ce9e90a08a8b040cc1656a11e18026f06
neg_monitor_back.jpg,train,user_captured_hard_negative,none,xanylabeling_human_review,0,human_checked_negative,,,,ff1c5bce70633c9061198a044a8e5487d32bf133318e6db869904be66ae44e4a
neg_monitor_keyboard.jpg,train,user_captured_hard_negative,none,xanylabeling_human_review,0,human_checked_negative,,,,32db05e3f20c1dcafb2bcdefc59f0a969ade12a088f28be7780dbc699b343569
neg_laptop.jpg,train,user_captured_hard_negative,cup,xanylabeling_human_review,1,human_checked,,,,8fc236a537df46c9035685c6a4603328d43b2ad24f9beaab686fd515da0b58e2
neg_lab_mouse.jpg,train,user_captured_hard_negative,mouse,xanylabeling_human_review,1,human_checked,,,,b1158e26d46852c07a9b61ca09e240549105132393dfe62d9d94e35c3cea024b
neg_new_monitor_screen.jpg,train,user_captured_hard_negative,cup,xanylabeling_human_review,1,human_checked,,,,fbad53aff9107ead3eda5ab134a18fbcb373d3c5eebae864b9a5983d37fab0c4
hard_robot_mouse.jpg,train,user_captured_hard_negative,none,xanylabeling_human_review,0,human_checked_negative,,,,3b3ccb5240e25893171c4f5600d39981472e3047546f8f1e3787bd879101fc56
hard_monitor_mouse_cup.jpg,train,user_captured_hard_negative,mouse,xanylabeling_human_review,1,human_checked,,,,79ea050805fd708a5baeffc2113e54e8799d7b3c2275c21cbef58a5fdf8a718e
hard_monitor_pink_mouse.jpg,train,user_captured_hard_negative,mouse,xanylabeling_human_review,1,human_checked,,,,421669f8c63b081c7319d8ba53dca40967e0d4de499ed05c1eb14f0c4911d9da
hard_keyboard_mouse.jpg,train,user_captured_hard_negative,mouse,xanylabeling_human_review,1,human_checked,,,,151efeef0fa80ef1981103ce1c26db540f6162421d04b2a6098014ec2477b3f0
hard_foam_mouse.jpg,train,user_captured_hard_negative,mouse,xanylabeling_human_review,1,human_checked,,,,15fbf5f3c5f3f70376f0ba801813b70022f73c462dcbb3fbfa94f7ac53d89607
hard_foam_object_review.jpg,train,user_captured_hard_negative,none,xanylabeling_human_review,0,human_checked_negative,,,,f18662639d04b44d4c99feba0184e0bb027715e99e82320d4a64afa6fb443bd6
new_mouse_angle_01.jpg,train,user_captured_new_mouse_angle,mouse,xanylabeling_human_review,1,human_checked,new_mouse_angles_20260830,,,cb518396a894f75339806294c778c260456e5b49590b001015cff9f2bd950d34
new_mouse_angle_02.jpg,train,user_captured_new_mouse_angle,mouse,xanylabeling_human_review,1,human_checked,new_mouse_angles_20260830,,,d55333f45b1f2d77f0016e40a93be53861e1271cbc951d569da62d079c2b7d98
new_mouse_angle_03.jpg,train,user_captured_new_mouse_angle,mouse,xanylabeling_human_review,1,human_checked,new_mouse_angles_20260830,,,8ed91cee0c7b10a49049ea2684b6732437fe96ba8d4fea72113ab0b8d8584c01
new_mouse_angle_04.jpg,train,user_captured_new_mouse_angle,mouse,xanylabeling_human_review,1,human_checked,new_mouse_angles_20260830,,,e23d5a2767e7a28586b86236dcf2e195cd196913e6e03deaba2236b95492856a
new_mouse_angle_05.jpg,train,user_captured_new_mouse_angle,mouse,xanylabeling_human_review,1,human_checked,new_mouse_angles_20260830,,,d368928188750b49295db1a03fa7c8cf1d8ef85574e5341ff95d8e88f766bf20
new_mouse_angle_07.jpg,train,user_captured_new_mouse_angle,mouse,xanylabeling_human_review,1,human_checked,new_mouse_angles_20260830,,,201099d66d86f20fe1904bd68b6eb7d2e9209ccfa800e95b28cca9eeac622a29
hard_negative_lab_01.jpg,train,user_captured_hard_negative,none,human_negative_review,0,human_checked_negative,lab_negative_20260830,1,,f889e232565406f54604a925f6334a99d1ba54fac5deb32849235dbe659fc22d
hard_negative_lab_02.jpg,train,user_captured_hard_negative,none,human_negative_review,0,human_checked_negative,lab_negative_20260830,2,,406a5c5ace4128c8b5e4da6184b2bf0b04139a95bc76b8def8b45c5dd6f6f300
hard_negative_lab_03.jpg,train,user_captured_hard_negative,none,human_negative_review,0,human_checked_negative,lab_negative_20260830,3,,db6be1882a6b9d62e7ada24b99f91fc3784244910964aa2fbaa5822b359dd17a
hard_negative_lab_04.jpg,train,user_captured_hard_negative,none,human_negative_review,0,human_checked_negative,lab_negative_20260830,4,,88ee40d9cc664b92a4e6e2ab8c7d2cec915335a6c678da8215b3928358382415
hard_negative_lab_05.jpg,train,user_captured_hard_negative,none,human_negative_review,0,human_checked_negative,lab_negative_20260830,5,,b7136fe40e7f55666506ea617a6907082320774d73fb86b3717187866edca03c
hard_negative_lab_06.jpg,train,user_captured_hard_negative,none,human_negative_review,0,human_checked_negative,lab_negative_20260830,6,,1758ac0dc508a49792c1eaba1e92084bc7cd3eb643b6382c627e90441d78489a
hard_negative_lab_07.jpg,train,user_captured_hard_negative,none,human_negative_review,0,human_checked_negative,lab_negative_20260830,7,,014be801db1c0bb7c0e60b437b836e77cc0f9a82ddc2bf71da53c2e3f24ee350
hard_negative_lab_08.jpg,train,user_captured_hard_negative,none,human_negative_review,0,human_checked_negative,lab_negative_20260830,8,,3a7d92524135f7ef106e39e8a93dae8c20e268303a8a75ed3e5a5772c920c880
hard_negative_lab_09.jpg,train,user_captured_hard_negative,none,human_negative_review,0,human_checked_negative,lab_negative_20260830,9,,84af962aa23c0b7e6269b96794e3d4b68fe8b6adcca723691c6cf6a2034ce49c
hard_negative_lab_10.jpg,train,user_captured_hard_negative,none,human_negative_review,0,human_checked_negative,lab_negative_20260830,10,,7050014442f71c974b457880cdb6a83318d84c5ad5520a8e4b11461e8ac04fb8
hard_negative_lab_11.jpg,train,user_captured_hard_negative,none,human_negative_review,0,human_checked_negative,lab_negative_20260830,11,,e397d8bec6928e2bfb7db49f3b9e8664e537a239c344b7bf5861dcaf2da5b31f
hard_negative_lab_12.jpg,train,user_captured_hard_negative,none,human_negative_review,0,human_checked_negative,lab_negative_20260830,12,,b5492a2838ab2aa1f8089397965205a573c458a81f2f68a70562ccdd116f910d
hard_negative_lab_13.jpg,train,user_captured_hard_negative,none,human_negative_review,0,human_checked_negative,lab_negative_20260830,13,,8cc7a0c389bb9ecc2a14eeb25fca5aa16fdf3fef0bb8a0f4628b8dbb86d66839
hard_negative_lab_14.jpg,train,user_captured_hard_negative,none,human_negative_review,0,human_checked_negative,lab_negative_20260830,14,,97a9062ada25d5215d9171e9c089109d60e2f9052dfb1354044abf4109700236
hard_negative_lab_15.jpg,train,user_captured_hard_negative,none,human_negative_review,0,human_checked_negative,lab_negative_20260830,15,,d636e3b0593b47b7d05b60949dd1eaa78913b9fa6454af7dfd2b8bcbbe6fd730
hard_negative_lab_16.jpg,train,user_captured_hard_negative,none,human_negative_review,0,human_checked_negative,lab_negative_20260830,16,,6dc462ca6311c46cdb49dfa2f1e8d46edadadf2262ba6d9c62bae2921db0a5c0
hard_negative_lab_17.jpg,train,user_captured_hard_negative,none,human_negative_review,0,human_checked_negative,lab_negative_20260830,17,,f7cf959fcca5b5a6f2f22cb54c9c399dde6144ad57cbe1fc276f9c05354587a0
hard_negative_lab_18.jpg,train,user_captured_hard_negative,none,human_negative_review,0,human_checked_negative,lab_negative_20260830,18,,f2cc12af19b853a26bc63f91345a33487f4782f7203abf0a6b555e082cbfd299
hard_negative_lab_19.jpg,train,user_captured_hard_negative,none,human_negative_review,0,human_checked_negative,lab_negative_20260830,19,,45fae0ef26cd26b1ee354c56fe3e9525c3620d1a80b827ce558f24783dbd07f0
hard_negative_lab_20.jpg,train,user_captured_hard_negative,none,human_negative_review,0,human_checked_negative,lab_negative_20260830,20,,5718e3be8aa2effb3d20b8e7df76c7ab1374b380244026e42211557cd11c717b
camera_v9_001_t002050.jpg,train,external_camera_20260831,none,xanylabeling_human_review,0,human_checked_negative,external_camera_20260831,002050,2.050,459402736ecf4e08a7a888f58000d80c93fe654f2249d62d372eb63bf47da524
camera_v9_002_t003250.jpg,train,external_camera_20260831,cup,xanylabeling_human_review,1,human_checked,external_camera_20260831,003250,3.250,9d49463dee7fc7dc434515ff5b6111eb61dbcfd89aa497ce3f467f922918c8a3
camera_v9_003_t003950.jpg,train,external_camera_20260831,cup,xanylabeling_human_review,1,human_checked,external_camera_20260831,003950,3.950,eb9c71271ab155dfc6a2a9af396047b9382ef66bd70cfeb2e47bdad457aed9b6
camera_v9_004_t006050.jpg,train,external_camera_20260831,cup,xanylabeling_human_review,1,human_checked,external_camera_20260831,006050,6.050,dc8ddbe8d1d0ea6055118924fb90c34f2abba9197d0adedfc93318ab84d1c2e3
camera_v9_005_t008550.jpg,train,external_camera_20260831,mouse,xanylabeling_human_review,1,human_checked,external_camera_20260831,008550,8.550,9470d5179aa9c648feb3e19c9959772028d45859d3044752b7f83265386f1874
camera_v9_006_t009250.jpg,train,external_camera_20260831,mouse,xanylabeling_human_review,1,human_checked,external_camera_20260831,009250,9.250,f2056c29846fbcb3debf5c91a20551c675ee45e6039dc4d34c2652c67afc7512
camera_v9_007_t011550.jpg,train,external_camera_20260831,cup,xanylabeling_human_review,2,human_checked,external_camera_20260831,011550,11.550,4a6abac50cd277af58d6c129840a1b3e4700064aa89879ea522a3535723f822c
camera_v9_008_t012750.jpg,train,external_camera_20260831,cup,xanylabeling_human_review,2,human_checked,external_camera_20260831,012750,12.750,ba2f2349d953425dc4a5149fc91b6c77282a15a8db9019722a5dbebefd40cfa8
camera_v9_009_t013850.jpg,train,external_camera_20260831,cup,xanylabeling_human_review,2,human_checked,external_camera_20260831,013850,13.850,2394dcc00e953677314c0c45c294f18445a2adcf23426d6ae4d5da1359615d67
camera_v9_010_t016450.jpg,train,external_camera_20260831,cup,xanylabeling_human_review,2,human_checked,external_camera_20260831,016450,16.450,df9212daa7c797128a7d095e5232416529d4d5d89f6c3ff4572d5601aab9805a
camera_v9_011_t016550.jpg,train,external_camera_20260831,cup,xanylabeling_human_review,2,human_checked,external_camera_20260831,016550,16.550,c1a297bd9bb8ddbac9c1f0e122007e230ac80c48255d4a31988ceb59e4c2ac82
camera_v9_012_t018850.jpg,train,external_camera_20260831,cup,xanylabeling_human_review,3,human_checked,external_camera_20260831,018850,18.850,34ca4ff650729156de7764171124e065628327bdef5d2790ec3ddd139f8bbe4f
camera_v9_013_t020450.jpg,train,external_camera_20260831,mouse,xanylabeling_human_review,1,human_checked,external_camera_20260831,020450,20.450,11914aa38f4e2deab21c6da428ed1a883a4f1c77b290e1c9cb38a616715223b9
camera_v9_014_t022450.jpg,train,external_camera_20260831,cup,xanylabeling_human_review,2,human_checked,external_camera_20260831,022450,22.450,a15d683fac84704f2e620614427a4b377e4c1a769a192abed370e57d46fc0cc1
camera_v9_015_t023950.jpg,train,external_camera_20260831,cup,xanylabeling_human_review,2,human_checked,external_camera_20260831,023950,23.950,a185f6c633ab305b57ba9a780a2b830aef90f250c8314b7210f43494223899c8
camera_v9_016_t025650.jpg,train,external_camera_20260831,mouse,xanylabeling_human_review,2,human_checked,external_camera_20260831,025650,25.650,22a349b0eec9cdad8b2cf21ea3c1bd0ac3efe717f8e1764618a87815d1418fa2
camera_v9_017_t027250.jpg,train,external_camera_20260831,mouse,xanylabeling_human_review,2,human_checked,external_camera_20260831,027250,27.250,7be25d0fe547d76c07a91ee4568b802c4bc13bfab3c3c3909a25b6061f778b8b
camera_v9_018_t028850.jpg,train,external_camera_20260831,cup,xanylabeling_human_review,3,human_checked,external_camera_20260831,028850,28.850,a119e7a0d4e12f5fc67558c2ed81cebb2576219b004e604ab30da283cf65b416
camera_v9_019_t029550.jpg,train,external_camera_20260831,cup,xanylabeling_human_review,3,human_checked,external_camera_20260831,029550,29.550,00efccf9b3252a11251335a3b8b08c1f28081108b739ad03d06d8a892d88cc2a
camera_v9_020_t031650.jpg,train,external_camera_20260831,cup,xanylabeling_human_review,2,human_checked,external_camera_20260831,031650,31.650,441fdc01e49fd1cc5827ddfd6725f524777ed85d395ae1c97ffe2abdde542fe6
camera_v9_021_t032450.jpg,train,external_camera_20260831,cup,xanylabeling_human_review,1,human_checked,external_camera_20260831,032450,32.450,dea553d6c0300db7c8506e1f07c10063a0354c3fdd73d0da5674fac8be833ead
camera_v9_022_t035550.jpg,train,external_camera_20260831,cup,xanylabeling_human_review,3,human_checked,external_camera_20260831,035550,35.550,c256ac47a1cbf54a1266a6815366704d90f26abaf1b85e1e4c714e4f08a5f015
camera_v9_023_t036550.jpg,train,external_camera_20260831,cup,xanylabeling_human_review,3,human_checked,external_camera_20260831,036550,36.550,ef272ca8527c45149826b4c920ba9cbf1a24477010d620133a34f28a76cc3c93
camera_v9_024_t038750.jpg,train,external_camera_20260831,cup,xanylabeling_human_review,2,human_checked,external_camera_20260831,038750,38.750,99bc6815a7eb7b1988b75ca0c8e7dae3ceffdb3c461928c782ae99f6e49cb793
camera_v9_025_t040350.jpg,train,external_camera_20260831,cup,xanylabeling_human_review,2,human_checked,external_camera_20260831,040350,40.350,b768bb9f16a98441c68060d1e2476dcae6315c7c54d0f28ba9706a637563740f
camera_v9_026_t041950.jpg,train,external_camera_20260831,cup,xanylabeling_human_review,2,human_checked,external_camera_20260831,041950,41.950,47337c029f9364c1cc91044b6a32136e046f6b339aad999fdb359967d01540b9
camera_v9_027_t042850.jpg,train,external_camera_20260831,cup,xanylabeling_human_review,2,human_checked,external_camera_20260831,042850,42.850,cfd8c282b45e6547ada93f54e7b1f0cbcc22806a4b4cc7e298e2deb7de56b9a7
camera_v9_028_t045150.jpg,train,external_camera_20260831,cup,xanylabeling_human_review,2,human_checked,external_camera_20260831,045150,45.150,e644482d3b4b74fee76bd8723602ed0a29c5bf0780370af8a3cd759e807a94cb
camera_v9_029_t045850.jpg,train,external_camera_20260831,cup,xanylabeling_human_review,2,human_checked,external_camera_20260831,045850,45.850,cc258b7c528585df44370d24c10a827675f5763de0991c2bf8eb5cab18196004
camera_v9_030_t048150.jpg,train,external_camera_20260831,cup,xanylabeling_human_review,3,human_checked,external_camera_20260831,048150,48.150,0b7e86b7829a59266be17874b519e2c9bf358617bcf4ba7ba8593b856d84f559
camera_v9_031_t049150.jpg,train,external_camera_20260831,cup,xanylabeling_human_review,3,human_checked,external_camera_20260831,049150,49.150,752ee245330acd85376a52ec501846fa3ef1cfce1788d757e81a0ba547d8054b
camera_v9_032_t049950.jpg,train,external_camera_20260831,cup,xanylabeling_human_review,3,human_checked,external_camera_20260831,049950,49.950,460ecab30f6a95ca36e31c9947ea13ecd20d235e1e312ae2af04bea9993f966e
camera_v9_033_t051950.jpg,train,external_camera_20260831,cup,xanylabeling_human_review,3,human_checked,external_camera_20260831,051950,51.950,f9c406b3af5c8185120e4739bec2065468020f381826c9da00e53c23296f70c9
camera_v9_034_t053750.jpg,train,external_camera_20260831,mouse,xanylabeling_human_review,1,human_checked,external_camera_20260831,053750,53.750,b55a2db3967d27c5496317dad2c3a47730a758f988aac23188e337d3702b1a47
camera_v9_035_t055950.jpg,train,external_camera_20260831,cup,xanylabeling_human_review,1,human_checked,external_camera_20260831,055950,55.950,2e87703ed28fba0e9c077cbfd5fe512aab1d5597409d77df3684985f24669d90
camera_v9_036_t057650.jpg,train,external_camera_20260831,cup,xanylabeling_human_review,1,human_checked,external_camera_20260831,057650,57.650,a519514887ab2ce5917f9a7d3062150bcd07611ed299a53f2b0dff1b3431b934
camera_v10_001_t002450.jpg,train,external_camera_20260831_v10,mouse,xanylabeling_human_review,1,human_checked,external_camera_20260831_v10,002450,2.450,35a6f7a6d6e9177c28cdded4a630323876350d7bed82e508f7f534d06f2d29fa
camera_v10_002_t004250.jpg,train,external_camera_20260831_v10,cup,xanylabeling_human_review,2,human_checked,external_camera_20260831_v10,004250,4.250,af77f5f6a507886b6cae1c5f5eae0e92ab02c40e3261c3913fe6f4f247d2b505
camera_v10_003_t007350.jpg,train,external_camera_20260831_v10,cup,xanylabeling_human_review,2,human_checked,external_camera_20260831_v10,007350,7.350,911ea736e1ae87f081ae5e0d8b33f5298367fbb2d3177cf2384421f0746167b3
camera_v10_004_t010050.jpg,train,external_camera_20260831_v10,cup,xanylabeling_human_review,2,human_checked,external_camera_20260831_v10,010050,10.050,7af0f1d6ab168948fce0e8e172a06171a76be12001ce7aa173830400fa117bb7
camera_v10_005_t011750.jpg,train,external_camera_20260831_v10,cup,xanylabeling_human_review,2,human_checked,external_camera_20260831_v10,011750,11.750,2a455f12b4bc5f095ef0c7edca865cd06651a6d3c733315ecfe6e3bbd0b70f1b
camera_v10_006_t014750.jpg,train,external_camera_20260831_v10,cup,xanylabeling_human_review,2,human_checked,external_camera_20260831_v10,014750,14.750,1520fae15fcfb677607c86b8b420302afd672686c0d97bf13f05867d06114e0d
camera_v10_007_t015850.jpg,train,external_camera_20260831_v10,cup,xanylabeling_human_review,2,human_checked,external_camera_20260831_v10,015850,15.850,2545d78d37a781fef9a95ec83e47304aaf064320f37e3c1b79d69712aefaeba9
camera_v10_008_t018550.jpg,train,external_camera_20260831_v10,cup,xanylabeling_human_review,3,human_checked,external_camera_20260831_v10,018550,18.550,65dc6f681abea191a8eec6451518f2286c8af86f7e3bd336f044c4d28d71fd75
camera_v10_009_t022050.jpg,train,external_camera_20260831_v10,cup,xanylabeling_human_review,2,human_checked,external_camera_20260831_v10,022050,22.050,480609faebe029b0b6ba3f0c9029772bbe28263c288891c5c3c71e258dcae6c3
camera_v10_010_t024950.jpg,train,external_camera_20260831_v10,cup,xanylabeling_human_review,1,human_checked,external_camera_20260831_v10,024950,24.950,119ed280bd78e91272f236af41bd47bee2b091321dc26ad9fab6c5f0ae6d73c6
camera_v10_011_t025350.jpg,train,external_camera_20260831_v10,cup,xanylabeling_human_review,1,human_checked,external_camera_20260831_v10,025350,25.350,8c59017b5d6488f136a7a78c54dff1cfb45e3e7bda649701d544406fd228745a
camera_v10_012_t029750.jpg,train,external_camera_20260831_v10,cup,xanylabeling_human_review,2,human_checked,external_camera_20260831_v10,029750,29.750,e826016584efc2c823e4e53d18b85c9ab23cb0b4a9db413e644d914d893517a6
camera_v10_013_t030050.jpg,train,external_camera_20260831_v10,none,xanylabeling_human_review,0,human_checked_negative,external_camera_20260831_v10,030050,30.050,b76af87cd43c8f0b596a4ea733b48f5c47cc726cb4889ed6e12919f8a2b7b015
camera_v10_014_t034650.jpg,train,external_camera_20260831_v10,cup,xanylabeling_human_review,2,human_checked,external_camera_20260831_v10,034650,34.650,3cbc8b238762e82f57e2b6dc0fa843377c99ecc9c10e5f61ff59beab3239a716
camera_v10_015_t035450.jpg,train,external_camera_20260831_v10,cup,xanylabeling_human_review,2,human_checked,external_camera_20260831_v10,035450,35.450,16f2cf37a9e752e32a9425d381aecb6a33ce0decd90348c8b9def764a0ccd162
camera_v10_016_t039650.jpg,train,external_camera_20260831_v10,cup,xanylabeling_human_review,2,human_checked,external_camera_20260831_v10,039650,39.650,61f365ef0e32f8674ddd40ac4a96ed39271693295fa9a0aa501e9320e0777464
camera_v10_017_t042050.jpg,train,external_camera_20260831_v10,cup,xanylabeling_human_review,2,human_checked,external_camera_20260831_v10,042050,42.050,2a01175da0ac74c26b579641245ecb88028475eddd4e600a3b5580de20e04da9
camera_v10_018_t044550.jpg,train,external_camera_20260831_v10,cup,xanylabeling_human_review,2,human_checked,external_camera_20260831_v10,044550,44.550,380ce16678388c317c70c58966aff36de92ae2542b0984335aaffcea2d2bffc9
camera_v10_019_t045250.jpg,train,external_camera_20260831_v10,cup,xanylabeling_human_review,2,human_checked,external_camera_20260831_v10,045250,45.250,c617b2fe47181fc41304b0b34f2e7063977da983885b5bb489aacaeba68f0860
camera_v10_020_t048750.jpg,train,external_camera_20260831_v10,cup,xanylabeling_human_review,2,human_checked,external_camera_20260831_v10,048750,48.750,d62b2ccfacaa870cca912fe528e6af39e979572c9539ba57ce7e9a2d8db35776
camera_v10_021_t051450.jpg,train,external_camera_20260831_v10,cup,xanylabeling_human_review,2,human_checked,external_camera_20260831_v10,051450,51.450,c56172a0c25436fab64dbc0fbad15302fbe9b3256055273a7db544d525e8bdc5
camera_v10_022_t054150.jpg,train,external_camera_20260831_v10,cup,xanylabeling_human_review,2,human_checked,external_camera_20260831_v10,054150,54.150,1b9eb40ee4fcd8d9a06e701640caae1031d99e5bf9e881abdb5d188a9facc3b8
camera_v10_023_t055050.jpg,train,external_camera_20260831_v10,cup,xanylabeling_human_review,2,human_checked,external_camera_20260831_v10,055050,55.050,fffcc833e2456ac3f6cc58d56dbe067aab7e8578b8e2d18416b58bf979707daa
camera_v10_024_t059150.jpg,train,external_camera_20260831_v10,cup,xanylabeling_human_review,2,human_checked,external_camera_20260831_v10,059150,59.150,05d1e430c668ae1fbff7397d7fee6620919ebde2f3c99eca75c65c98b2603434
camera_v10_025_t061050.jpg,train,external_camera_20260831_v10,cup,xanylabeling_human_review,2,human_checked,external_camera_20260831_v10,061050,61.050,85b4fd85544fcb42cf5fcff99c95bc735dde8cc523f177fb7d8d115ebd7aca8e
camera_v10_026_t063850.jpg,train,external_camera_20260831_v10,mouse,xanylabeling_human_review,1,human_checked,external_camera_20260831_v10,063850,63.850,0dfd5de9475fe001dc9392368abfbd44b605c5f506bc19c89842e81a1692ef79
camera_v10_027_t066150.jpg,train,external_camera_20260831_v10,mouse,xanylabeling_human_review,1,human_checked,external_camera_20260831_v10,066150,66.150,385f0422ba96ef254d1418c58332c2ab17628d2e23d38c967b244644a06ad9e9
camera_v10_028_t067550.jpg,train,external_camera_20260831_v10,mouse,xanylabeling_human_review,1,human_checked,external_camera_20260831_v10,067550,67.550,82e01341e949463d97acd9bd3f1201657d1e933c42aa76d939196a082cd40b15
camera_v10_029_t070650.jpg,train,external_camera_20260831_v10,mouse,xanylabeling_human_review,1,human_checked,external_camera_20260831_v10,070650,70.650,bfc9df218db211f026df9debc20a0d358c36a96a635962fca1642805c1571f6b
camera_v10_030_t073250.jpg,train,external_camera_20260831_v10,mouse,xanylabeling_human_review,1,human_checked,external_camera_20260831_v10,073250,73.250,d12e3b2715bdff71fdec138d5187097ba5e782e4100fb78ea93b40acee09dac8
camera_v10_031_t075350.jpg,train,external_camera_20260831_v10,mouse,xanylabeling_human_review,1,human_checked,external_camera_20260831_v10,075350,75.350,c53b54ebdc029b03fa26ec73dd898d6e433e74e2d2be88594c7d74d8e56717ad
camera_v10_032_t078750.jpg,train,external_camera_20260831_v10,mouse,xanylabeling_human_review,1,human_checked,external_camera_20260831_v10,078750,78.750,c21a5c8df48d5c7ed9a0d382ccd7fa7a5c2184e55ca96343e77d7bcf409d92ab
camera_v10_033_t080150.jpg,train,external_camera_20260831_v10,mouse,xanylabeling_human_review,2,human_checked,external_camera_20260831_v10,080150,80.150,d82b65d225b94a8d4119c173790a051d1a02c8b3bbd372e1332b2858f221b518
camera_v10_034_t081550.jpg,train,external_camera_20260831_v10,mouse,xanylabeling_human_review,2,human_checked,external_camera_20260831_v10,081550,81.550,74f34d8079d2af0d2810757a3417bfc42433b50c9f9188d964138db8751f3809
camera_v10_035_t084950.jpg,train,external_camera_20260831_v10,mouse,xanylabeling_human_review,2,human_checked,external_camera_20260831_v10,084950,84.950,14bc77bf34737eb957314182ac658bb0b7176241ae8432cc5242bfbcad288faa
camera_v10_036_t088750.jpg,train,external_camera_20260831_v10,mouse,xanylabeling_human_review,1,human_checked,external_camera_20260831_v10,088750,88.750,802cf4abaa47d5df0fd78016f612c09443fa82ca821d9740a7069614efa09a29
camera_v10_037_t089650.jpg,train,external_camera_20260831_v10,mouse,xanylabeling_human_review,1,human_checked,external_camera_20260831_v10,089650,89.650,a56495d7a1fda8838c5cf61c23cd1265acf0ff45b3ac8c5e47ac83f098547f84
camera_v10_038_t091950.jpg,train,external_camera_20260831_v10,mouse,xanylabeling_human_review,1,human_checked,external_camera_20260831_v10,091950,91.950,5fd761ed216b038baffa16dc540e4b3986d4cc241fa8b3f5cc379173695105ad
camera_v10_039_t095050.jpg,train,external_camera_20260831_v10,mouse,xanylabeling_human_review,1,human_checked,external_camera_20260831_v10,095050,95.050,3d79ecbbe8ac8f14c9778c81580b47eca8aed4e6eb8768346c563b94d4a08a50
camera_v10_040_t096750.jpg,train,external_camera_20260831_v10,mouse,xanylabeling_human_review,1,human_checked,external_camera_20260831_v10,096750,96.750,2717a56941d0f6ed16bcaba5edde6fa443634c3bb42857f4bc711d7b829cdaef
camera_v10_041_t099850.jpg,train,external_camera_20260831_v10,cup,xanylabeling_human_review,1,human_checked,external_camera_20260831_v10,099850,99.850,a67ebecdf1a5a002baf4dfb83edf06b9ceb495700629df9ff8c058a4d7e652e7
camera_v10_042_t103050.jpg,train,external_camera_20260831_v10,mouse,xanylabeling_human_review,2,human_checked,external_camera_20260831_v10,103050,103.050,1b1804ba1ff30740089b26a40345ce6d194fc5c5f7f365ce63f02db9518acb92
camera_v10_043_t104450.jpg,train,external_camera_20260831_v10,mouse,xanylabeling_human_review,2,human_checked,external_camera_20260831_v10,104450,104.450,995feacc5cec3a5fe17fd106a78c73028265680fb410552a7cf4c87768325ddc
camera_v10_044_t106450.jpg,train,external_camera_20260831_v10,mouse,xanylabeling_human_review,2,human_checked,external_camera_20260831_v10,106450,106.450,fc46102aa94d9da84e68f6c28136cb8807daf0a5ea90ab921e1bbecde3d48c21
camera_v10_045_t110250.jpg,train,external_camera_20260831_v10,mouse,xanylabeling_human_review,1,human_checked,external_camera_20260831_v10,110250,110.250,091a3552f88298e0a0c97c8dc1c5952b0fd833385df06687327ef572b7d5bd04
camera_v10_046_t112850.jpg,train,external_camera_20260831_v10,none,xanylabeling_human_review,0,human_checked_negative,external_camera_20260831_v10,112850,112.850,74fa6ca1473504ed7d48c11bc82454cdc27ef536e63a073b489e15d4f03c3342
camera_v10_047_t115750.jpg,train,external_camera_20260831_v10,none,xanylabeling_human_review,0,human_checked_negative,external_camera_20260831_v10,115750,115.750,c4c5c68651ab07a8797f11995aa278a4aeb51c16b12fdee9b274c8d87650ec3d
camera_v10_048_t117750.jpg,train,external_camera_20260831_v10,mouse,xanylabeling_human_review,1,human_checked,external_camera_20260831_v10,117750,117.750,660de22ec63a18325ff08a8d30e0980c80451c2f6f6117a80801d0d36417dbfd
camera_v10_049_t118350.jpg,train,external_camera_20260831_v10,mouse,xanylabeling_human_review,1,human_checked,external_camera_20260831_v10,118350,118.350,6e5361f3bc70e93b32e92643b3b9607afe35cb3c67af182769f449873e567e3f
camera_v10_050_t121450.jpg,train,external_camera_20260831_v10,none,xanylabeling_human_review,0,human_checked_negative,external_camera_20260831_v10,121450,121.450,a18bf5f0a926544050c8a0131bed1c0cac1245d0fdfdd2dbd0182f66b7d32977
camera_v10_051_t124750.jpg,train,external_camera_20260831_v10,cup,xanylabeling_human_review,1,human_checked,external_camera_20260831_v10,124750,124.750,383af5b632f4769e5f02d5ee7570ebc7ddce3c1896b665a945eea1e26f36b219
camera_v10_052_t125650.jpg,train,external_camera_20260831_v10,cup,xanylabeling_human_review,1,human_checked,external_camera_20260831_v10,125650,125.650,bfb6fb4c13e75f16c10e39bd5f8fe1f3ebb2df0d9a2022ea9b2c77084af46572
camera_v10_053_t129050.jpg,train,external_camera_20260831_v10,cup,xanylabeling_human_review,1,human_checked,external_camera_20260831_v10,129050,129.050,2d99441ca19564560aa2cfddefa5e1638a1b898bb62b1ffbc78a84f800b440e8
camera_v10_054_t130650.jpg,train,external_camera_20260831_v10,cup,xanylabeling_human_review,1,human_checked,external_camera_20260831_v10,130650,130.650,9dde5f4edb989ec8ad3360642f9a61ad32629b689f5dd137c7a7ebee1584f646
v10_error_missed_cup_mouse_t090000.jpg,train,local_camera1_v10_20_object_take2_raw,cup,xanylabeling_human_review,2,human_checked,local_camera1_v10_20_object_take2_raw,090000,90.000,0459feeac4fa9a81feecfab0c1a6415a93be32e7ab8ec14cb3c3ec90245b67c8
v10_error_false_mouse_background_t092000.jpg,train,local_camera1_v10_20_object_take2_raw_crop,none,xanylabeling_human_review,0,human_checked_negative,local_camera1_v10_20_object_take2_raw_crop,092000,92.000,d1d255f12a0689c19d068e3855755c5f7684ea8c67ac84276be8b18b3fa87128
camera_v12_mouse_01_f000201.jpg,train,v11_phone_negative_capture,mouse,xanylabeling_human_review,2,human_checked,v11_phone_negative_capture,camera_v12_mouse_01_f000201,10.050,a5e0ca2d59b70381843fd246f7799442a91184022d1e00e027be578ca55c004e
camera_v12_mouse_02_f000363.jpg,train,v11_phone_negative_capture,mouse,xanylabeling_human_review,2,human_checked,v11_phone_negative_capture,camera_v12_mouse_02_f000363,18.150,34e13a595d33a395074e877a5d393eaf2f2e70d6ca24ed5de5c41219804e2f20
camera_v12_mouse_03_f000444.jpg,train,v11_phone_negative_capture,mouse,xanylabeling_human_review,2,human_checked,v11_phone_negative_capture,camera_v12_mouse_03_f000444,22.200,41c43fde5bfac5236e369847e7d7c6694efb04ffe6814cf5c280770441b0d3e5
camera_v12_mouse_04_f000565.jpg,train,v11_phone_negative_capture,mouse,xanylabeling_human_review,2,human_checked,v11_phone_negative_capture,camera_v12_mouse_04_f000565,28.250,ec732e245e2bba846b6d57783495229a70b52d399f5cc4c4d9f1fe89676873fa
camera_v12_mouse_05_f001494.jpg,train,v11_phone_negative_capture,mouse,xanylabeling_human_review,2,human_checked,v11_phone_negative_capture,camera_v12_mouse_05_f001494,74.700,1a35977245a93576267e3fc5c9489f45d73311b189f87770060c68d6bd05d3fd
camera_v12_mouse_06_f001534.jpg,train,v11_phone_negative_capture,mouse,xanylabeling_human_review,2,human_checked,v11_phone_negative_capture,camera_v12_mouse_06_f001534,76.700,47634220dae213781fd6a2badc902ce8286ef7ed06ab0a5d2ca957045cfa874f
camera_v12_mouse_07_f001898.jpg,train,v11_phone_negative_capture,mouse,xanylabeling_human_review,3,human_checked,v11_phone_negative_capture,camera_v12_mouse_07_f001898,94.900,938cf43f6c3f9b2a816882d25712e8baaca93e55edd2460319fb38c02ff100d2
camera_v12_mouse_08_f001938.jpg,train,v11_phone_negative_capture,mouse,xanylabeling_human_review,2,human_checked,v11_phone_negative_capture,camera_v12_mouse_08_f001938,96.900,ed0335653ca78ccda347c29a64c317a2835d3f8244d3cf505dd302f69652ab7d
camera_v12_mouse_09_f002019.jpg,train,v11_phone_negative_capture,mouse,xanylabeling_human_review,2,human_checked,v11_phone_negative_capture,camera_v12_mouse_09_f002019,100.950,8a4141801509e499f2bba9a0480711864fbcbeb8e45f0c79c175c70786f397c5
camera_v12_mouse_10_f002059.jpg,train,v11_phone_negative_capture,cup,xanylabeling_human_review,3,human_checked,v11_phone_negative_capture,camera_v12_mouse_10_f002059,102.950,d2cf0cb0ae260edad2c0080330c591301d5419953dab94aa4b81f72a12b8c376
camera_v12_phone_negative_01_f000646.jpg,train,v11_phone_negative_capture,none,xanylabeling_human_review,0,human_checked_negative,v11_phone_negative_capture,camera_v12_phone_negative_01_f000646,32.300,77ff6a828ca575ae9d5cca7a14612490134acbf459c60b7971432e592afbe8ef
camera_v12_phone_negative_02_f000767.jpg,train,v11_phone_negative_capture,none,xanylabeling_human_review,0,human_checked_negative,v11_phone_negative_capture,camera_v12_phone_negative_02_f000767,38.350,d2688d41be5c2d1b18fd10615ca3dc76f827e3370d03e0fa9c476ce3910ea123
camera_v12_phone_negative_03_f001009.jpg,train,v11_phone_negative_capture,none,xanylabeling_human_review,0,human_checked_negative,v11_phone_negative_capture,camera_v12_phone_negative_03_f001009,50.450,a008a1507dffb823e38ca3d35b72263beb9bbc54175df9c6f8c808751724c746
camera_v12_phone_negative_04_f001050.jpg,train,v11_phone_negative_capture,none,xanylabeling_human_review,0,human_checked_negative,v11_phone_negative_capture,camera_v12_phone_negative_04_f001050,52.500,e7db925a7c8f2fa54481b98ff560695c8d0cdb3ce570b18087ee667fef3e4373
camera_v12_phone_negative_05_f001171.jpg,train,v11_phone_negative_capture,none,xanylabeling_human_review,0,human_checked_negative,v11_phone_negative_capture,camera_v12_phone_negative_05_f001171,58.550,181d460331c998a1a8d3ba9f9a480cecd4b28e98601024b185cb4bf48c31ed15
camera_v12_phone_negative_06_f001211.jpg,train,v11_phone_negative_capture,none,xanylabeling_human_review,0,human_checked_negative,v11_phone_negative_capture,camera_v12_phone_negative_06_f001211,60.550,c96d3565592dc4aa4157685319cd6067a83d40528f6356b4b9d9ba8fc92b982d
camera_v12_phone_negative_07_f001332.jpg,train,v11_phone_negative_capture,none,xanylabeling_human_review,0,human_checked_negative,v11_phone_negative_capture,camera_v12_phone_negative_07_f001332,66.600,7e61cef39baf4833205f718408d81d486e99ca19aa8e221058594eccc0cdfc1e
camera_v12_phone_negative_08_f001575.jpg,train,v11_phone_negative_capture,none,xanylabeling_human_review,0,human_checked_negative,v11_phone_negative_capture,camera_v12_phone_negative_08_f001575,78.750,3b9b2df8917af897a8d4a77e7f4cf26446fba349e6b15a1ca3d724cebaf029d9
camera_v12_phone_negative_09_f001615.jpg,train,v11_phone_negative_capture,none,xanylabeling_human_review,0,human_checked_negative,v11_phone_negative_capture,camera_v12_phone_negative_09_f001615,80.750,8116e107ed71e302cc4c31254b08dd995729a0774e61e0b2b645fc2113267ce5
camera_v12_phone_negative_10_f001655.jpg,train,v11_phone_negative_capture,none,xanylabeling_human_review,0,human_checked_negative,v11_phone_negative_capture,camera_v12_phone_negative_10_f001655,82.750,49c6f368eb2f19d10b9aa66f392ac775de70f19e72c045ca8cc0390c641523ad
camera_v13_001_t001650.jpg,train,cup_horizontal_multienv_20260831,cup,xanylabeling_human_review,4,human_checked,cup_horizontal_multienv_20260831,001650,1.650,b0e387cdf5f1691fc88e817891abe8d3ce01e3d8ca357ff907a617426deccb39
camera_v13_002_t003850.jpg,train,cup_horizontal_multienv_20260831,cup,xanylabeling_human_review,4,human_checked,cup_horizontal_multienv_20260831,003850,3.850,16059f253052a00edb7bb8c48fd43041f7c7fbc9940d9aef1c0089f9bbd1b3b2
camera_v13_003_t004850.jpg,train,cup_horizontal_multienv_20260831,cup,xanylabeling_human_review,4,human_checked,cup_horizontal_multienv_20260831,004850,4.850,6e824e20f293554e4b89367bc0ecbbc70c6fe86cdc786e216e75b61446298568
camera_v13_004_t008050.jpg,train,cup_horizontal_multienv_20260831,cup,xanylabeling_human_review,4,human_checked,cup_horizontal_multienv_20260831,008050,8.050,abe6aab0a2dcd45a1885fd9804a534edba2820683839476a3733537051800bbc
camera_v13_005_t009550.jpg,train,cup_horizontal_multienv_20260831,cup,xanylabeling_human_review,4,human_checked,cup_horizontal_multienv_20260831,009550,9.550,355672e780b12d558327a2e8e368c9523813b35790c2f341ff53e76cc5aaf015
camera_v13_006_t011850.jpg,train,cup_horizontal_multienv_20260831,cup,xanylabeling_human_review,4,human_checked,cup_horizontal_multienv_20260831,011850,11.850,a5b6d4c8ca740a24a43d8f8fe531278847899c90658e36a7c2ceef6d4803edee
camera_v13_007_t012350.jpg,train,cup_horizontal_multienv_20260831,cup,xanylabeling_human_review,4,human_checked,cup_horizontal_multienv_20260831,012350,12.350,cbb01aa80f0263daba2cd804ab0e39e028d0bbfa34d0a9bdbf90adc2bbd4b8b0
camera_v13_008_t015350.jpg,train,cup_horizontal_multienv_20260831,cup,xanylabeling_human_review,4,human_checked,cup_horizontal_multienv_20260831,015350,15.350,2670b30b4f87328cfd8140b30db06db60491b007057c3c685d0280ed0e735351
camera_v13_009_t015850.jpg,train,cup_horizontal_multienv_20260831,cup,xanylabeling_human_review,4,human_checked,cup_horizontal_multienv_20260831,015850,15.850,0d0c264ed68f8f1b769a128fea3fb060230bd4600b87f9f2455090c00e24947a
camera_v13_010_t018450.jpg,train,cup_horizontal_multienv_20260831,mouse,xanylabeling_human_review,3,human_checked,cup_horizontal_multienv_20260831,018450,18.450,2a40172a4948642df5e5f991a3a44340dca6f5db28481d0c0bfa3b4dafa6e0fa
camera_v13_011_t020550.jpg,train,cup_horizontal_multienv_20260831,cup,xanylabeling_human_review,3,human_checked,cup_horizontal_multienv_20260831,020550,20.550,7b48a8d62b5c673d6aa42584c6897adb245772e984afe41e4e3ca9a6d84e1a84
camera_v13_012_t023250.jpg,train,cup_horizontal_multienv_20260831,cup,xanylabeling_human_review,4,human_checked,cup_horizontal_multienv_20260831,023250,23.250,758b1fe5591a841d27e503e7f00f1e73de5b489c9c1a0c07e13200ff91113e19
camera_v13_013_t025250.jpg,train,cup_horizontal_multienv_20260831,cup,xanylabeling_human_review,5,human_checked,cup_horizontal_multienv_20260831,025250,25.250,0d513c2f719bc0097b9e4199014a0dfec872136f5a52b1f506c877b0d6368906
camera_v13_014_t027150.jpg,train,cup_horizontal_multienv_20260831,cup,xanylabeling_human_review,5,human_checked,cup_horizontal_multienv_20260831,027150,27.150,21b4abde39319d1965aff218735de5a49823cf3152d1e7c855cd973a82331d19
camera_v13_015_t027950.jpg,train,cup_horizontal_multienv_20260831,cup,xanylabeling_human_review,4,human_checked,cup_horizontal_multienv_20260831,027950,27.950,e23a6e8510a26bbb9c10976601062c2fcc228599a03ff072b567ca6652d21675
camera_v13_016_t029550.jpg,train,cup_horizontal_multienv_20260831,cup,xanylabeling_human_review,4,human_checked,cup_horizontal_multienv_20260831,029550,29.550,f137dfd744a45e074cf7c310d4d2cac46abecd317dd4d52b21eb571dc1bbf69f
camera_v13_017_t031750.jpg,train,cup_horizontal_multienv_20260831,cup,xanylabeling_human_review,4,human_checked,cup_horizontal_multienv_20260831,031750,31.750,61fe9971efddd0051bb492a33b9dc37e3447e8cec786033b76bd5538ad7537a4
camera_v13_018_t034750.jpg,train,cup_horizontal_multienv_20260831,cup,xanylabeling_human_review,4,human_checked,cup_horizontal_multienv_20260831,034750,34.750,cdb1bc76a8a44cf1c82b6c6b13e09a902a3728f58acd955748c6982c34f4805d
camera_v13_019_t036750.jpg,train,cup_horizontal_multienv_20260831,mouse,xanylabeling_human_review,2,human_checked,cup_horizontal_multienv_20260831,036750,36.750,3cf4b1c9a270cc013461ebdb36f40ba2598893baf4087ce261392e07be8c9aa9
camera_v13_020_t037050.jpg,train,cup_horizontal_multienv_20260831,mouse,xanylabeling_human_review,3,human_checked,cup_horizontal_multienv_20260831,037050,37.050,db994036f6fa22f0efe113e1d3a61e4e1996b1a4c24c835e264ab44fc0139aa9
camera_v13_021_t040150.jpg,train,cup_horizontal_multienv_20260831,cup,xanylabeling_human_review,2,human_checked,cup_horizontal_multienv_20260831,040150,40.150,f5fccce21028b84a38c6cc3f38da40b620e661ecdd482cda32070a288b17d354
camera_v13_022_t040750.jpg,train,cup_horizontal_multienv_20260831,cup,xanylabeling_human_review,2,human_checked,cup_horizontal_multienv_20260831,040750,40.750,47692ec31f66f44c93cd965e96d348a090a4f3d00ff1c1846e294dd8a469ccb8
camera_v13_023_t043850.jpg,train,cup_horizontal_multienv_20260831,cup,xanylabeling_human_review,1,human_checked,cup_horizontal_multienv_20260831,043850,43.850,102e9f2c57272d9e6f59cbb9ad7ab998b42848af534d9860b0c75b3f2391d333
camera_v13_024_t046050.jpg,train,cup_horizontal_multienv_20260831,cup,xanylabeling_human_review,1,human_checked,cup_horizontal_multienv_20260831,046050,46.050,865cb5e16910f5d583aa47061d6e2656f4c7f6c325edc85a4db1d7d30cdbdcfd
camera_v13_025_t046550.jpg,train,cup_horizontal_multienv_20260831,cup,xanylabeling_human_review,2,human_checked,cup_horizontal_multienv_20260831,046550,46.550,8258b62ba4e7a2edcae5fd6f302c4107cdfad97b7abdcf475280487dc8418df6
camera_v13_026_t048550.jpg,train,cup_horizontal_multienv_20260831,cup,xanylabeling_human_review,1,human_checked,cup_horizontal_multienv_20260831,048550,48.550,c8b3ad2d51044337b9b42131bd4235484d9d2d56989379c1a3319d1731772ba5
camera_v13_027_t050150.jpg,train,cup_horizontal_multienv_20260831,cup,xanylabeling_human_review,1,human_checked,cup_horizontal_multienv_20260831,050150,50.150,21d2f58e3e352066ff39f3222c6991ba0ca4f482fd946b2714a6c99afb5cbfae
camera_v13_028_t053050.jpg,train,cup_horizontal_multienv_20260831,cup,xanylabeling_human_review,1,human_checked,cup_horizontal_multienv_20260831,053050,53.050,e457a19b1214fcb9fa745978077d2f99be0dde0e7b5d0efe13c244acfec1271b
camera_v13_029_t054150.jpg,train,cup_horizontal_multienv_20260831,cup,xanylabeling_human_review,1,human_checked,cup_horizontal_multienv_20260831,054150,54.150,871b504af80285c22f144b9c51db17a8f3f91257379c2d90b92c23fb5199492c
camera_v13_030_t057250.jpg,train,cup_horizontal_multienv_20260831,cup,xanylabeling_human_review,1,human_checked,cup_horizontal_multienv_20260831,057250,57.250,2a19dbec33849dda0e5c48a7ec82cf550304b17044ebad340d5f5a1dea40ac4b
camera_v13_031_t057750.jpg,train,cup_horizontal_multienv_20260831,cup,xanylabeling_human_review,1,human_checked,cup_horizontal_multienv_20260831,057750,57.750,13ced0ff4524dceb2c12823043138204d5bcf4a4e50338c0b4dea875c2e478cd
camera_v13_032_t059950.jpg,train,cup_horizontal_multienv_20260831,cup,xanylabeling_human_review,1,human_checked,cup_horizontal_multienv_20260831,059950,59.950,0390862b1616f089275dbf4badb59db792310f0ee07804a08171363f553c1cc0
camera_v13_033_t062350.jpg,train,cup_horizontal_multienv_20260831,cup,xanylabeling_human_review,1,human_checked,cup_horizontal_multienv_20260831,062350,62.350,f9262e4107fc7c4b13a56bb1a766a5618162d11ccdc419ff0d153e3942ada1be
camera_v13_034_t065050.jpg,train,cup_horizontal_multienv_20260831,cup,xanylabeling_human_review,2,human_checked,cup_horizontal_multienv_20260831,065050,65.050,68f504cc16c7b30cd20f271ba85eb1b2c304fd90e9ba37178e6b746c03e928d1
camera_v13_035_t066350.jpg,train,cup_horizontal_multienv_20260831,cup,xanylabeling_human_review,2,human_checked,cup_horizontal_multienv_20260831,066350,66.350,348ee5447a206c6ad8aa05ba17cf9d8e5bbb3bf611d2c18896cc3b84ac4b8bee
camera_v13_036_t069050.jpg,train,cup_horizontal_multienv_20260831,cup,xanylabeling_human_review,1,human_checked,cup_horizontal_multienv_20260831,069050,69.050,5e494223450eda515050ca0b0a0e79c16e72685bf56a0560781a6bfd81f1e011
camera_v13_037_t070150.jpg,train,cup_horizontal_multienv_20260831,cup,xanylabeling_human_review,1,human_checked,cup_horizontal_multienv_20260831,070150,70.150,810ff784f846e20053257b7069e8308cfd0da36118a11f204ac759f4c6936afd
camera_v13_038_t071350.jpg,train,cup_horizontal_multienv_20260831,cup,xanylabeling_human_review,1,human_checked,cup_horizontal_multienv_20260831,071350,71.350,d3bdc83cecf705f8b8941429eaa46b050771917829974fff68c4b507c03d9bb2
camera_v13_039_t073350.jpg,train,cup_horizontal_multienv_20260831,cup,xanylabeling_human_review,1,human_checked,cup_horizontal_multienv_20260831,073350,73.350,9e906f63c65f2a901bd67af9511621535941deff883f45d7cafba3ee70eb9c57
camera_v13_040_t075650.jpg,train,cup_horizontal_multienv_20260831,mouse,xanylabeling_human_review,1,human_checked,cup_horizontal_multienv_20260831,075650,75.650,e33a305cc9a66306c9bd7a4574889e0fbbc4eb81d6845072cf6408132211b040
camera_v13_041_t076850.jpg,train,cup_horizontal_multienv_20260831,cup,xanylabeling_human_review,1,human_checked,cup_horizontal_multienv_20260831,076850,76.850,cfe9c364eade69f5fdc60f418d74315c72520d194501a167e5e82fe24257cefa
camera_v13_042_t080350.jpg,train,cup_horizontal_multienv_20260831,cup,xanylabeling_human_review,1,human_checked,cup_horizontal_multienv_20260831,080350,80.350,194a88b6d22dc8098aab231192cb17c5465160a7299b0ef78489bcd84de06cbb
camera_v13_043_t082350.jpg,train,cup_horizontal_multienv_20260831,cup,xanylabeling_human_review,1,human_checked,cup_horizontal_multienv_20260831,082350,82.350,f42ec582773d52bca05409e22b473f94cc8f8bdfea6de7f0846ad6c5acd91bdf
camera_v13_044_t083650.jpg,train,cup_horizontal_multienv_20260831,cup,xanylabeling_human_review,1,human_checked,cup_horizontal_multienv_20260831,083650,83.650,1ee2bbade535430a1b2e4adfcd559af46b465ca6d390cfe4578a06a0ec2d6be0
camera_v13_045_t086150.jpg,train,cup_horizontal_multienv_20260831,cup,xanylabeling_human_review,1,human_checked,cup_horizontal_multienv_20260831,086150,86.150,e0b967fb588766f57f66708bda0374a3a3fbfb717bda608573273eeb881936d0
camera_v13_046_t087150.jpg,train,cup_horizontal_multienv_20260831,cup,xanylabeling_human_review,1,human_checked,cup_horizontal_multienv_20260831,087150,87.150,8c41f1d985321dff8d38db104e8560d931c620c52a6580c18ca775789b86a112
camera_v13_047_t088250.jpg,train,cup_horizontal_multienv_20260831,cup,xanylabeling_human_review,1,human_checked,cup_horizontal_multienv_20260831,088250,88.250,78f51aa07f3e6b4b03a6ad9d5f537d3abf2edf9c319c1657dfe3f1b1a5322906
camera_v13_048_t090250.jpg,train,cup_horizontal_multienv_20260831,cup,xanylabeling_human_review,1,human_checked,cup_horizontal_multienv_20260831,090250,90.250,97dedb30f28bee33a26b5faa38e0ada7e86922b6e705b2b462753ae237c76035
camera_v13_049_t093850.jpg,train,cup_horizontal_multienv_20260831,cup,xanylabeling_human_review,1,human_checked,cup_horizontal_multienv_20260831,093850,93.850,8fdcb8150cf4e16c2811dc747729132c7010e8b12a4391928c9c557fa8d2bbda
camera_v13_050_t094450.jpg,train,cup_horizontal_multienv_20260831,cup,xanylabeling_human_review,1,human_checked,cup_horizontal_multienv_20260831,094450,94.450,fa3a579c6e6f1b282dbcba4cb72874fcbbc91e9d2c1241b36162482e8f32a728
camera_v13_051_t097350.jpg,train,cup_horizontal_multienv_20260831,cup,xanylabeling_human_review,1,human_checked,cup_horizontal_multienv_20260831,097350,97.350,af0b603208fe17381a4af7c32f1a12256e02a2089e4ed2302fcfb29666e40b2a
camera_v13_052_t099550.jpg,train,cup_horizontal_multienv_20260831,none,xanylabeling_human_review,0,human_checked_negative,cup_horizontal_multienv_20260831,099550,99.550,c79ee15e8be1eb0f651dc8539f76c7bffebcdf783165feafcf4594edae71604b
camera_v13_053_t100050.jpg,train,cup_horizontal_multienv_20260831,none,xanylabeling_human_review,0,human_checked_negative,cup_horizontal_multienv_20260831,100050,100.050,2855d6573ce670aef3bb3cee3af0abd03e1fcb4729c28d0660b227ff75850e94
camera_v13_054_t101550.jpg,train,cup_horizontal_multienv_20260831,cup,xanylabeling_human_review,1,human_checked,cup_horizontal_multienv_20260831,101550,101.550,665f627b3c8de3825b86fc0f5dbb5abe91400a1e74c999c612ffdb2a20838dea
camera_v13_055_t104850.jpg,train,cup_horizontal_multienv_20260831,cup,xanylabeling_human_review,1,human_checked,cup_horizontal_multienv_20260831,104850,104.850,ad14d133c54932e75015ad7c02ff0c8f588584bc34e75eea55673fc7db169fa9
camera_v13_056_t107050.jpg,train,cup_horizontal_multienv_20260831,cup,xanylabeling_human_review,1,human_checked,cup_horizontal_multienv_20260831,107050,107.050,9fcd5b0b1b9aa7f9da4c0b2c04c9a916a7006edbbc99c101b1f81288b7b22195
camera_v13_057_t108550.jpg,train,cup_horizontal_multienv_20260831,cup,xanylabeling_human_review,1,human_checked,cup_horizontal_multienv_20260831,108550,108.550,7ef7006d9ec02958a991e767346f5816e2b3d2de95d8e4b497dcc87977d9ca41
camera_v13_058_t109550.jpg,train,cup_horizontal_multienv_20260831,cup,xanylabeling_human_review,1,human_checked,cup_horizontal_multienv_20260831,109550,109.550,2800d3313ee0223dcbc404f937687ea67e9c74e566bdce5920b8c3de0aa1abe7
camera_v13_059_t111750.jpg,train,cup_horizontal_multienv_20260831,cup,xanylabeling_human_review,1,human_checked,cup_horizontal_multienv_20260831,111750,111.750,41626e5421ba612a4dfe064f62d60c8769cd210ce066bae6d9e1a71d07a40bab
camera_v13_060_t113450.jpg,train,cup_horizontal_multienv_20260831,none,xanylabeling_human_review,0,human_checked_negative,cup_horizontal_multienv_20260831,113450,113.450,f00595f09f3695b72548c42c0905453d8d49cb56cf08ca9e6e34cf1367cf8bf0
camera_v13_061_t116650.jpg,train,cup_horizontal_multienv_20260831,mouse,xanylabeling_human_review,1,human_checked,cup_horizontal_multienv_20260831,116650,116.650,fcf6856bc5f025eb8843c2a3a33885d81375a9be053d4ca42924881ee89adc18
camera_v13_062_t118350.jpg,train,cup_horizontal_multienv_20260831,mouse,xanylabeling_human_review,1,human_checked,cup_horizontal_multienv_20260831,118350,118.350,f9bbf4e7cd06380a5aab05f1dc941dbdcbb2e7151bba40cd3071930c441f0c49
camera_v13_063_t120050.jpg,train,cup_horizontal_multienv_20260831,mouse,xanylabeling_human_review,1,human_checked,cup_horizontal_multienv_20260831,120050,120.050,01c279edc4ae2bad1f505146e8098701c6bc51ab2aa478d62bb7db23750cf6a5
camera_v13_064_t121050.jpg,train,cup_horizontal_multienv_20260831,mouse,xanylabeling_human_review,1,human_checked,cup_horizontal_multienv_20260831,121050,121.050,a15db1c1ac9305bb8409afee54ef4ddb7255908c700e4ec5eaecf7b40c1e7964
camera_v13_065_t124050.jpg,train,cup_horizontal_multienv_20260831,none,xanylabeling_human_review,0,human_checked_negative,cup_horizontal_multienv_20260831,124050,124.050,3c184888d6f9bfe2e417cc75048bddaccaa4bbac62228923437c52c8e80313f8
camera_v13_066_t125950.jpg,train,cup_horizontal_multienv_20260831,none,xanylabeling_human_review,0,human_checked_negative,cup_horizontal_multienv_20260831,125950,125.950,85260960df511fbe52628f21cb1ac33e297b86e3bc054452f35b775dc9cf88ea
camera_v13_067_t128050.jpg,train,cup_horizontal_multienv_20260831,none,xanylabeling_human_review,0,human_checked_negative,cup_horizontal_multienv_20260831,128050,128.050,28bc05c2ba7a4acf7d2d94629da39666e3cfc0d0f407fe8340b7f6fbcdf5b5f2
camera_v13_068_t128250.jpg,train,cup_horizontal_multienv_20260831,none,xanylabeling_human_review,0,human_checked_negative,cup_horizontal_multienv_20260831,128250,128.250,e5531a46688cd2813331dbebbed4afad794597435095f459d81a2f0b2093d9e9
camera_v13_069_t130450.jpg,train,cup_horizontal_multienv_20260831,none,xanylabeling_human_review,0,human_checked_negative,cup_horizontal_multienv_20260831,130450,130.450,b457f18a0df148584821ebcf416bcdfa8065ad6f7315ddecda1891e1fc9013b9
camera_v13_070_t132250.jpg,train,cup_horizontal_multienv_20260831,cup,xanylabeling_human_review,1,human_checked,cup_horizontal_multienv_20260831,132250,132.250,5a595d9c6e42f4acf3f92be752ed799d96167ad98c9856143ea8788b0cd360cd
camera_v13_071_t135350.jpg,train,cup_horizontal_multienv_20260831,cup,xanylabeling_human_review,4,human_checked,cup_horizontal_multienv_20260831,135350,135.350,6b1cf8104db0f759a09e05a5fd02179578e705828264f4e7865a45dceb88b7e1
camera_v13_072_t137450.jpg,train,cup_horizontal_multienv_20260831,cup,xanylabeling_human_review,3,human_checked,cup_horizontal_multienv_20260831,137450,137.450,b9182f7238a06447a7d7fbd49cfb2c832f9b3c2299b403f50043df2639997fba
camera_v13_073_t137950.jpg,train,cup_horizontal_multienv_20260831,cup,xanylabeling_human_review,3,human_checked,cup_horizontal_multienv_20260831,137950,137.950,5a3a9d7fe96b8c3ce9e6930ed69769acf9756eb68b74a386575c4f6ff4aa386e
camera_v13_074_t139650.jpg,train,cup_horizontal_multienv_20260831,cup,xanylabeling_human_review,1,human_checked,cup_horizontal_multienv_20260831,139650,139.650,27d7d8ac8ac8af559018c58585493400b306e21b57df7d36bd8a12cfc9a503c4
camera_v13_075_t143150.jpg,train,cup_horizontal_multienv_20260831,cup,xanylabeling_human_review,1,human_checked,cup_horizontal_multienv_20260831,143150,143.150,cdc3311eb033520e94082231088351ac25224bdeb7788726b3eeaaccbf48f9ed
camera_v13_076_t145150.jpg,train,cup_horizontal_multienv_20260831,cup,xanylabeling_human_review,1,human_checked,cup_horizontal_multienv_20260831,145150,145.150,cc7e41b7b7c8568def25d2670da8eb2a94141327871ea1d83bef3a29853733da
camera_v13_077_t145550.jpg,train,cup_horizontal_multienv_20260831,cup,xanylabeling_human_review,1,human_checked,cup_horizontal_multienv_20260831,145550,145.550,b8262ac30e4e9fd96f6bdfd271c9eaf6ef816009c2b7f8f41e1439c979f1f3d5
camera_v13_078_t147150.jpg,train,cup_horizontal_multienv_20260831,cup,xanylabeling_human_review,1,human_checked,cup_horizontal_multienv_20260831,147150,147.150,ccd1553fbb624e6eecda72fa50a18b35f77b75d47c2a3721fb2b3521608db774
camera_v13_079_t150350.jpg,train,cup_horizontal_multienv_20260831,cup,xanylabeling_human_review,1,human_checked,cup_horizontal_multienv_20260831,150350,150.350,d97595fa491eb82a5bcd519befaef5c80cf5ada2d57f5ae59c3950b0d3f5f083
camera_v13_080_t152650.jpg,train,cup_horizontal_multienv_20260831,none,xanylabeling_human_review,0,human_checked_negative,cup_horizontal_multienv_20260831,152650,152.650,16e1d518879dcbb06e518ae067096ca06e53d3cd5877dde7cf5f6038cef483c5
